[
  {
    "frequency": 1,
    "overriddenMethods": []
  },
  {
    "frequency": 1,
    "overriddenMethods": [
      "Lorg/eclipse/jface/viewers/TreeViewer.isExpandable(Ljava/lang/Object;)Z",
      "Lorg/eclipse/ui/dialogs/ContainerCheckedTreeViewer.doCheckStateChanged(Ljava/lang/Object;)V"
    ]
  },
  {
    "frequency": 2,
    "overriddenMethods": [
      "Lorg/eclipse/jface/viewers/AbstractTreeViewer.remove(Ljava/lang/Object;)V",
      "Lorg/eclipse/jface/viewers/AbstractTreeViewer.remove([Ljava/lang/Object;)V",
      "Lorg/eclipse/jface/viewers/CheckboxTreeViewer.setAllChecked(Z)V",
      "Lorg/eclipse/ui/dialogs/ContainerCheckedTreeViewer.setChecked(Ljava/lang/Object;Z)Z",
      "Lorg/eclipse/ui/dialogs/ContainerCheckedTreeViewer.setCheckedElements([Ljava/lang/Object;)V"
    ]
  },
  {
    "frequency": 2,
    "overriddenMethods": [
      "Lorg/eclipse/ui/dialogs/ContainerCheckedTreeViewer.doCheckStateChanged(Ljava/lang/Object;)V"
    ]
  },
  {
    "frequency": 1,
    "overriddenMethods": [
      "Lorg/eclipse/jface/viewers/AbstractTreeViewer.internalRefresh(Ljava/lang/Object;Z)V",
      "Lorg/eclipse/jface/viewers/CheckboxTreeViewer.getChecked(Ljava/lang/Object;)Z",
      "Lorg/eclipse/jface/viewers/CheckboxTreeViewer.preservingSelection(Ljava/lang/Runnable;)V",
      "Lorg/eclipse/jface/viewers/CheckboxTreeViewer.setSubtreeChecked(Ljava/lang/Object;Z)Z",
      "Lorg/eclipse/jface/viewers/StructuredViewer.unmapAllElements()V",
      "Lorg/eclipse/ui/dialogs/ContainerCheckedTreeViewer.getCheckedElements()[Ljava/lang/Object;",
      "Lorg/eclipse/ui/dialogs/ContainerCheckedTreeViewer.setChecked(Ljava/lang/Object;Z)Z",
      "Lorg/eclipse/ui/dialogs/ContainerCheckedTreeViewer.setCheckedElements([Ljava/lang/Object;)V"
    ]
  },
  {
    "frequency": 1,
    "overriddenMethods": [
      "Lorg/eclipse/jface/viewers/StructuredViewer.refresh(Z)V"
    ]
  }
]