[
  {
    "frequency": 2,
    "overriddenMethods": [
      "Lorg/eclipse/ui/dialogs/AbstractElementListSelectionDialog.handleEmptyList()V",
      "Lorg/eclipse/ui/dialogs/AbstractElementListSelectionDialog.open()I",
      "Lorg/eclipse/ui/dialogs/ElementListSelectionDialog.createDialogArea(Lorg/eclipse/swt/widgets/Composite;)Lorg/eclipse/swt/widgets/Control;"
    ]
  },
  {
    "frequency": 24,
    "overriddenMethods": []
  },
  {
    "frequency": 1,
    "overriddenMethods": [
      "Lorg/eclipse/ui/dialogs/ElementListSelectionDialog.createDialogArea(Lorg/eclipse/swt/widgets/Composite;)Lorg/eclipse/swt/widgets/Control;",
      "Lorg/eclipse/ui/dialogs/ElementListSelectionDialog.setElements([Ljava/lang/Object;)V"
    ]
  },
  {
    "frequency": 2,
    "overriddenMethods": [
      "Lorg/eclipse/jface/dialogs/Dialog.close()Z",
      "Lorg/eclipse/jface/dialogs/Dialog.createContents(Lorg/eclipse/swt/widgets/Composite;)Lorg/eclipse/swt/widgets/Control;",
      "Lorg/eclipse/jface/dialogs/Dialog.getInitialLocation(Lorg/eclipse/swt/graphics/Point;)Lorg/eclipse/swt/graphics/Point;",
      "Lorg/eclipse/jface/dialogs/Dialog.getInitialSize()Lorg/eclipse/swt/graphics/Point;",
      "Lorg/eclipse/ui/dialogs/AbstractElementListSelectionDialog.open()I",
      "Lorg/eclipse/ui/dialogs/SelectionStatusDialog.configureShell(Lorg/eclipse/swt/widgets/Shell;)V"
    ]
  },
  {
    "frequency": 1,
    "overriddenMethods": [
      "Lorg/eclipse/jface/dialogs/Dialog.createContents(Lorg/eclipse/swt/widgets/Composite;)Lorg/eclipse/swt/widgets/Control;",
      "Lorg/eclipse/ui/dialogs/AbstractElementListSelectionDialog.handleSelectionChanged()V",
      "Lorg/eclipse/ui/dialogs/AbstractElementListSelectionDialog.setListElements([Ljava/lang/Object;)V",
      "Lorg/eclipse/ui/dialogs/ElementListSelectionDialog.createDialogArea(Lorg/eclipse/swt/widgets/Composite;)Lorg/eclipse/swt/widgets/Control;",
      "Lorg/eclipse/ui/dialogs/SelectionDialog.getDialogBoundsSettings()Lorg/eclipse/jface/dialogs/IDialogSettings;",
      "Lorg/eclipse/ui/dialogs/SelectionStatusDialog.okPressed()V"
    ]
  },
  {
    "frequency": 2,
    "overriddenMethods": [
      "Lorg/eclipse/ui/dialogs/SelectionStatusDialog.okPressed()V"
    ]
  },
  {
    "frequency": 15,
    "overriddenMethods": [
      "Lorg/eclipse/ui/dialogs/ElementListSelectionDialog.createDialogArea(Lorg/eclipse/swt/widgets/Composite;)Lorg/eclipse/swt/widgets/Control;"
    ]
  },
  {
    "frequency": 3,
    "overriddenMethods": [
      "Lorg/eclipse/ui/dialogs/AbstractElementListSelectionDialog.open()I",
      "Lorg/eclipse/ui/dialogs/SelectionStatusDialog.configureShell(Lorg/eclipse/swt/widgets/Shell;)V"
    ]
  },
  {
    "frequency": 1,
    "overriddenMethods": [
      "Lorg/eclipse/ui/dialogs/SelectionDialog.createButtonsForButtonBar(Lorg/eclipse/swt/widgets/Composite;)V"
    ]
  },
  {
    "frequency": 1,
    "overriddenMethods": [
      "Lorg/eclipse/ui/dialogs/AbstractElementListSelectionDialog.createMessageArea(Lorg/eclipse/swt/widgets/Composite;)Lorg/eclipse/swt/widgets/Label;",
      "Lorg/eclipse/ui/dialogs/ElementListSelectionDialog.computeResult()V"
    ]
  },
  {
    "frequency": 2,
    "overriddenMethods": [
      "Lorg/eclipse/ui/dialogs/ElementListSelectionDialog.createDialogArea(Lorg/eclipse/swt/widgets/Composite;)Lorg/eclipse/swt/widgets/Control;",
      "Lorg/eclipse/ui/dialogs/SelectionDialog.getDialogBoundsSettings()Lorg/eclipse/jface/dialogs/IDialogSettings;",
      "Lorg/eclipse/ui/dialogs/SelectionStatusDialog.configureShell(Lorg/eclipse/swt/widgets/Shell;)V",
      "Lorg/eclipse/ui/dialogs/SelectionStatusDialog.okPressed()V"
    ]
  },
  {
    "frequency": 2,
    "overriddenMethods": [
      "Lorg/eclipse/ui/dialogs/AbstractElementListSelectionDialog.createFilteredList(Lorg/eclipse/swt/widgets/Composite;)Lorg/eclipse/ui/dialogs/FilteredList;"
    ]
  },
  {
    "frequency": 1,
    "overriddenMethods": [
      "Lorg/eclipse/ui/dialogs/AbstractElementListSelectionDialog.createFilterText(Lorg/eclipse/swt/widgets/Composite;)Lorg/eclipse/swt/widgets/Text;",
      "Lorg/eclipse/ui/dialogs/ElementListSelectionDialog.computeResult()V"
    ]
  },
  {
    "frequency": 2,
    "overriddenMethods": [
      "Lorg/eclipse/jface/dialogs/Dialog.buttonPressed(I)V",
      "Lorg/eclipse/ui/dialogs/SelectionDialog.createButtonsForButtonBar(Lorg/eclipse/swt/widgets/Composite;)V"
    ]
  },
  {
    "frequency": 1,
    "overriddenMethods": [
      "Lorg/eclipse/ui/dialogs/AbstractElementListSelectionDialog.open()I"
    ]
  },
  {
    "frequency": 1,
    "overriddenMethods": [
      "Lorg/eclipse/jface/dialogs/Dialog.getInitialSize()Lorg/eclipse/swt/graphics/Point;",
      "Lorg/eclipse/ui/dialogs/SelectionDialog.getDialogBoundsSettings()Lorg/eclipse/jface/dialogs/IDialogSettings;"
    ]
  },
  {
    "frequency": 3,
    "overriddenMethods": [
      "Lorg/eclipse/ui/dialogs/SelectionDialog.getDialogBoundsSettings()Lorg/eclipse/jface/dialogs/IDialogSettings;"
    ]
  },
  {
    "frequency": 1,
    "overriddenMethods": [
      "Lorg/eclipse/ui/dialogs/AbstractElementListSelectionDialog.createFilterText(Lorg/eclipse/swt/widgets/Composite;)Lorg/eclipse/swt/widgets/Text;",
      "Lorg/eclipse/ui/dialogs/AbstractElementListSelectionDialog.setSelection([Ljava/lang/Object;)V",
      "Lorg/eclipse/ui/dialogs/ElementListSelectionDialog.createDialogArea(Lorg/eclipse/swt/widgets/Composite;)Lorg/eclipse/swt/widgets/Control;",
      "Lorg/eclipse/ui/dialogs/SelectionStatusDialog.createButtonBar(Lorg/eclipse/swt/widgets/Composite;)Lorg/eclipse/swt/widgets/Control;"
    ]
  },
  {
    "frequency": 1,
    "overriddenMethods": [
      "Lorg/eclipse/ui/dialogs/SelectionStatusDialog.getFirstResult()Ljava/lang/Object;"
    ]
  },
  {
    "frequency": 1,
    "overriddenMethods": [
      "Lorg/eclipse/ui/dialogs/AbstractElementListSelectionDialog.handleSelectionChanged()V",
      "Lorg/eclipse/ui/dialogs/ElementListSelectionDialog.createDialogArea(Lorg/eclipse/swt/widgets/Composite;)Lorg/eclipse/swt/widgets/Control;",
      "Lorg/eclipse/ui/dialogs/SelectionDialog.getDialogBoundsSettings()Lorg/eclipse/jface/dialogs/IDialogSettings;",
      "Lorg/eclipse/ui/dialogs/SelectionStatusDialog.okPressed()V"
    ]
  },
  {
    "frequency": 1,
    "overriddenMethods": [
      "Lorg/eclipse/ui/dialogs/AbstractElementListSelectionDialog.handleSelectionChanged()V",
      "Lorg/eclipse/ui/dialogs/ElementListSelectionDialog.createDialogArea(Lorg/eclipse/swt/widgets/Composite;)Lorg/eclipse/swt/widgets/Control;"
    ]
  },
  {
    "frequency": 1,
    "overriddenMethods": [
      "Lorg/eclipse/jface/dialogs/Dialog.createContents(Lorg/eclipse/swt/widgets/Composite;)Lorg/eclipse/swt/widgets/Control;",
      "Lorg/eclipse/ui/dialogs/AbstractElementListSelectionDialog.handleSelectionChanged()V",
      "Lorg/eclipse/ui/dialogs/ElementListSelectionDialog.createDialogArea(Lorg/eclipse/swt/widgets/Composite;)Lorg/eclipse/swt/widgets/Control;"
    ]
  }
]