[
  {
    "frequency": 5,
    "overriddenMethods": []
  },
  {
    "frequency": 1,
    "overriddenMethods": [
      "Lorg/eclipse/ui/dialogs/FilteredTree.createControl(Lorg/eclipse/swt/widgets/Composite;I)V",
      "Lorg/eclipse/ui/dialogs/FilteredTree.createFilterControls(Lorg/eclipse/swt/widgets/Composite;)Lorg/eclipse/swt/widgets/Composite;",
      "Lorg/eclipse/ui/dialogs/FilteredTree.createFilterText(Lorg/eclipse/swt/widgets/Composite;)V",
      "Lorg/eclipse/ui/dialogs/FilteredTree.doCreateFilterText(Lorg/eclipse/swt/widgets/Composite;)Lorg/eclipse/swt/widgets/Text;"
    ]
  },
  {
    "frequency": 2,
    "overriddenMethods": [
      "Lorg/eclipse/ui/dialogs/FilteredTree.doCreateFilterText(Lorg/eclipse/swt/widgets/Composite;)Lorg/eclipse/swt/widgets/Text;",
      "Lorg/eclipse/ui/dialogs/FilteredTree.doCreateRefreshJob()Lorg/eclipse/ui/progress/WorkbenchJob;",
      "Lorg/eclipse/ui/dialogs/FilteredTree.doCreateTreeViewer(Lorg/eclipse/swt/widgets/Composite;I)Lorg/eclipse/jface/viewers/TreeViewer;",
      "Lorg/eclipse/ui/dialogs/FilteredTree.getRefreshJobDelay()J"
    ]
  },
  {
    "frequency": 1,
    "overriddenMethods": [
      "Lorg/eclipse/swt/widgets/Control.setEnabled(Z)V",
      "Lorg/eclipse/ui/dialogs/FilteredTree.doCreateTreeViewer(Lorg/eclipse/swt/widgets/Composite;I)Lorg/eclipse/jface/viewers/TreeViewer;"
    ]
  },
  {
    "frequency": 1,
    "overriddenMethods": [
      "Lorg/eclipse/ui/dialogs/FilteredTree.doCreateRefreshJob()Lorg/eclipse/ui/progress/WorkbenchJob;"
    ]
  },
  {
    "frequency": 1,
    "overriddenMethods": [
      "Lorg/eclipse/ui/dialogs/FilteredTree.doCreateRefreshJob()Lorg/eclipse/ui/progress/WorkbenchJob;",
      "Lorg/eclipse/ui/dialogs/FilteredTree.doCreateTreeViewer(Lorg/eclipse/swt/widgets/Composite;I)Lorg/eclipse/jface/viewers/TreeViewer;",
      "Lorg/eclipse/ui/dialogs/FilteredTree.getViewer()Lorg/eclipse/jface/viewers/TreeViewer;"
    ]
  },
  {
    "frequency": 1,
    "overriddenMethods": [
      "Lorg/eclipse/ui/dialogs/FilteredTree.doCreateRefreshJob()Lorg/eclipse/ui/progress/WorkbenchJob;",
      "Lorg/eclipse/ui/dialogs/FilteredTree.getRefreshJobDelay()J"
    ]
  },
  {
    "frequency": 1,
    "overriddenMethods": [
      "Lorg/eclipse/ui/dialogs/FilteredTree.createControl(Lorg/eclipse/swt/widgets/Composite;I)V",
      "Lorg/eclipse/ui/dialogs/FilteredTree.doCreateTreeViewer(Lorg/eclipse/swt/widgets/Composite;I)Lorg/eclipse/jface/viewers/TreeViewer;",
      "Lorg/eclipse/ui/dialogs/FilteredTree.init(ILorg/eclipse/ui/dialogs/PatternFilter;)V",
      "Lorg/eclipse/ui/dialogs/FilteredTree.textChanged()V",
      "Lorg/eclipse/ui/dialogs/FilteredTree.updateToolbar(Z)V"
    ]
  },
  {
    "frequency": 7,
    "overriddenMethods": [
      "Lorg/eclipse/ui/dialogs/FilteredTree.doCreateTreeViewer(Lorg/eclipse/swt/widgets/Composite;I)Lorg/eclipse/jface/viewers/TreeViewer;"
    ]
  },
  {
    "frequency": 2,
    "overriddenMethods": [
      "Lorg/eclipse/ui/dialogs/FilteredTree.doCreateRefreshJob()Lorg/eclipse/ui/progress/WorkbenchJob;",
      "Lorg/eclipse/ui/dialogs/FilteredTree.textChanged()V"
    ]
  },
  {
    "frequency": 2,
    "overriddenMethods": [
      "Lorg/eclipse/ui/dialogs/FilteredTree.doCreateTreeViewer(Lorg/eclipse/swt/widgets/Composite;I)Lorg/eclipse/jface/viewers/TreeViewer;",
      "Lorg/eclipse/ui/dialogs/FilteredTree.getViewer()Lorg/eclipse/jface/viewers/TreeViewer;"
    ]
  },
  {
    "frequency": 1,
    "overriddenMethods": [
      "Lorg/eclipse/ui/dialogs/FilteredTree.createControl(Lorg/eclipse/swt/widgets/Composite;I)V",
      "Lorg/eclipse/ui/dialogs/FilteredTree.updateToolbar(Z)V"
    ]
  },
  {
    "frequency": 1,
    "overriddenMethods": [
      "Lorg/eclipse/ui/dialogs/FilteredTree.clearText()V",
      "Lorg/eclipse/ui/dialogs/FilteredTree.updateToolbar(Z)V"
    ]
  },
  {
    "frequency": 1,
    "overriddenMethods": [
      "Lorg/eclipse/swt/widgets/Widget.dispose()V",
      "Lorg/eclipse/ui/dialogs/FilteredTree.createControl(Lorg/eclipse/swt/widgets/Composite;I)V",
      "Lorg/eclipse/ui/dialogs/FilteredTree.doCreateFilterText(Lorg/eclipse/swt/widgets/Composite;)Lorg/eclipse/swt/widgets/Text;",
      "Lorg/eclipse/ui/dialogs/FilteredTree.doCreateTreeViewer(Lorg/eclipse/swt/widgets/Composite;I)Lorg/eclipse/jface/viewers/TreeViewer;"
    ]
  },
  {
    "frequency": 2,
    "overriddenMethods": [
      "Lorg/eclipse/ui/dialogs/FilteredTree.createControl(Lorg/eclipse/swt/widgets/Composite;I)V"
    ]
  },
  {
    "frequency": 1,
    "overriddenMethods": [
      "Lorg/eclipse/ui/dialogs/FilteredTree.createFilterControls(Lorg/eclipse/swt/widgets/Composite;)Lorg/eclipse/swt/widgets/Composite;",
      "Lorg/eclipse/ui/dialogs/FilteredTree.doCreateRefreshJob()Lorg/eclipse/ui/progress/WorkbenchJob;",
      "Lorg/eclipse/ui/dialogs/FilteredTree.doCreateTreeViewer(Lorg/eclipse/swt/widgets/Composite;I)Lorg/eclipse/jface/viewers/TreeViewer;",
      "Lorg/eclipse/ui/dialogs/FilteredTree.getRefreshJobDelay()J"
    ]
  },
  {
    "frequency": 1,
    "overriddenMethods": [
      "Lorg/eclipse/ui/dialogs/FilteredTree.clearText()V",
      "Lorg/eclipse/ui/dialogs/FilteredTree.doCreateTreeViewer(Lorg/eclipse/swt/widgets/Composite;I)Lorg/eclipse/jface/viewers/TreeViewer;"
    ]
  },
  {
    "frequency": 3,
    "overriddenMethods": [
      "Lorg/eclipse/ui/dialogs/FilteredTree.doCreateRefreshJob()Lorg/eclipse/ui/progress/WorkbenchJob;",
      "Lorg/eclipse/ui/dialogs/FilteredTree.doCreateTreeViewer(Lorg/eclipse/swt/widgets/Composite;I)Lorg/eclipse/jface/viewers/TreeViewer;"
    ]
  },
  {
    "frequency": 2,
    "overriddenMethods": [
      "Lorg/eclipse/swt/widgets/Control.setEnabled(Z)V",
      "Lorg/eclipse/ui/dialogs/FilteredTree.doCreateRefreshJob()Lorg/eclipse/ui/progress/WorkbenchJob;",
      "Lorg/eclipse/ui/dialogs/FilteredTree.doCreateTreeViewer(Lorg/eclipse/swt/widgets/Composite;I)Lorg/eclipse/jface/viewers/TreeViewer;"
    ]
  }
]