[
  {
    "frequency": 2,
    "overriddenMethods": [
      "Lorg/eclipse/ui/dialogs/FilteredItemsSelectionDialog$ItemsFilter.equalsFilter(Lorg/eclipse/ui/dialogs/FilteredItemsSelectionDialog$ItemsFilter;)Z",
      "Lorg/eclipse/ui/dialogs/FilteredItemsSelectionDialog$ItemsFilter.isConsistentItem(Ljava/lang/Object;)Z",
      "Lorg/eclipse/ui/dialogs/FilteredItemsSelectionDialog$ItemsFilter.isSubFilter(Lorg/eclipse/ui/dialogs/FilteredItemsSelectionDialog$ItemsFilter;)Z",
      "Lorg/eclipse/ui/dialogs/FilteredItemsSelectionDialog$ItemsFilter.matchItem(Ljava/lang/Object;)Z",
      "Lorg/eclipse/ui/dialogs/FilteredItemsSelectionDialog$ItemsFilter.matchesRawNamePattern(Ljava/lang/Object;)Z"
    ]
  },
  {
    "frequency": 1,
    "overriddenMethods": [
      "Lorg/eclipse/ui/dialogs/FilteredItemsSelectionDialog$ItemsFilter.equalsFilter(Lorg/eclipse/ui/dialogs/FilteredItemsSelectionDialog$ItemsFilter;)Z",
      "Lorg/eclipse/ui/dialogs/FilteredItemsSelectionDialog$ItemsFilter.getMatchRule()I",
      "Lorg/eclipse/ui/dialogs/FilteredItemsSelectionDialog$ItemsFilter.isConsistentItem(Ljava/lang/Object;)Z",
      "Lorg/eclipse/ui/dialogs/FilteredItemsSelectionDialog$ItemsFilter.isSubFilter(Lorg/eclipse/ui/dialogs/FilteredItemsSelectionDialog$ItemsFilter;)Z",
      "Lorg/eclipse/ui/dialogs/FilteredItemsSelectionDialog$ItemsFilter.matchItem(Ljava/lang/Object;)Z"
    ]
  },
  {
    "frequency": 1,
    "overriddenMethods": [
      "Lorg/eclipse/ui/dialogs/FilteredItemsSelectionDialog$ItemsFilter.equalsFilter(Lorg/eclipse/ui/dialogs/FilteredItemsSelectionDialog$ItemsFilter;)Z",
      "Lorg/eclipse/ui/dialogs/FilteredItemsSelectionDialog$ItemsFilter.getMatchRule()I",
      "Lorg/eclipse/ui/dialogs/FilteredItemsSelectionDialog$ItemsFilter.isConsistentItem(Ljava/lang/Object;)Z",
      "Lorg/eclipse/ui/dialogs/FilteredItemsSelectionDialog$ItemsFilter.isSubFilter(Lorg/eclipse/ui/dialogs/FilteredItemsSelectionDialog$ItemsFilter;)Z",
      "Lorg/eclipse/ui/dialogs/FilteredItemsSelectionDialog$ItemsFilter.matchItem(Ljava/lang/Object;)Z",
      "Lorg/eclipse/ui/dialogs/FilteredItemsSelectionDialog$ItemsFilter.matchesRawNamePattern(Ljava/lang/Object;)Z"
    ]
  },
  {
    "frequency": 1,
    "overriddenMethods": [
      "Lorg/eclipse/ui/dialogs/FilteredItemsSelectionDialog$ItemsFilter.equalsFilter(Lorg/eclipse/ui/dialogs/FilteredItemsSelectionDialog$ItemsFilter;)Z",
      "Lorg/eclipse/ui/dialogs/FilteredItemsSelectionDialog$ItemsFilter.getPattern()Ljava/lang/String;",
      "Lorg/eclipse/ui/dialogs/FilteredItemsSelectionDialog$ItemsFilter.isConsistentItem(Ljava/lang/Object;)Z",
      "Lorg/eclipse/ui/dialogs/FilteredItemsSelectionDialog$ItemsFilter.isSubFilter(Lorg/eclipse/ui/dialogs/FilteredItemsSelectionDialog$ItemsFilter;)Z",
      "Lorg/eclipse/ui/dialogs/FilteredItemsSelectionDialog$ItemsFilter.matchItem(Ljava/lang/Object;)Z"
    ]
  },
  {
    "frequency": 1,
    "overriddenMethods": [
      "Lorg/eclipse/ui/dialogs/FilteredItemsSelectionDialog$ItemsFilter.equalsFilter(Lorg/eclipse/ui/dialogs/FilteredItemsSelectionDialog$ItemsFilter;)Z",
      "Lorg/eclipse/ui/dialogs/FilteredItemsSelectionDialog$ItemsFilter.getMatchRule()I",
      "Lorg/eclipse/ui/dialogs/FilteredItemsSelectionDialog$ItemsFilter.getPattern()Ljava/lang/String;",
      "Lorg/eclipse/ui/dialogs/FilteredItemsSelectionDialog$ItemsFilter.isCamelCasePattern()Z",
      "Lorg/eclipse/ui/dialogs/FilteredItemsSelectionDialog$ItemsFilter.isConsistentItem(Ljava/lang/Object;)Z",
      "Lorg/eclipse/ui/dialogs/FilteredItemsSelectionDialog$ItemsFilter.isSubFilter(Lorg/eclipse/ui/dialogs/FilteredItemsSelectionDialog$ItemsFilter;)Z",
      "Lorg/eclipse/ui/dialogs/FilteredItemsSelectionDialog$ItemsFilter.matchItem(Ljava/lang/Object;)Z",
      "Lorg/eclipse/ui/dialogs/FilteredItemsSelectionDialog$ItemsFilter.matches(Ljava/lang/String;)Z",
      "Lorg/eclipse/ui/dialogs/FilteredItemsSelectionDialog$ItemsFilter.matchesRawNamePattern(Ljava/lang/Object;)Z"
    ]
  },
  {
    "frequency": 8,
    "overriddenMethods": [
      "Lorg/eclipse/ui/dialogs/FilteredItemsSelectionDialog$ItemsFilter.equalsFilter(Lorg/eclipse/ui/dialogs/FilteredItemsSelectionDialog$ItemsFilter;)Z",
      "Lorg/eclipse/ui/dialogs/FilteredItemsSelectionDialog$ItemsFilter.isConsistentItem(Ljava/lang/Object;)Z",
      "Lorg/eclipse/ui/dialogs/FilteredItemsSelectionDialog$ItemsFilter.isSubFilter(Lorg/eclipse/ui/dialogs/FilteredItemsSelectionDialog$ItemsFilter;)Z",
      "Lorg/eclipse/ui/dialogs/FilteredItemsSelectionDialog$ItemsFilter.matchItem(Ljava/lang/Object;)Z"
    ]
  },
  {
    "frequency": 2,
    "overriddenMethods": [
      "Lorg/eclipse/ui/dialogs/FilteredItemsSelectionDialog$ItemsFilter.equalsFilter(Lorg/eclipse/ui/dialogs/FilteredItemsSelectionDialog$ItemsFilter;)Z",
      "Lorg/eclipse/ui/dialogs/FilteredItemsSelectionDialog$ItemsFilter.getMatchRule()I",
      "Lorg/eclipse/ui/dialogs/FilteredItemsSelectionDialog$ItemsFilter.getPattern()Ljava/lang/String;",
      "Lorg/eclipse/ui/dialogs/FilteredItemsSelectionDialog$ItemsFilter.isCamelCasePattern()Z",
      "Lorg/eclipse/ui/dialogs/FilteredItemsSelectionDialog$ItemsFilter.isConsistentItem(Ljava/lang/Object;)Z",
      "Lorg/eclipse/ui/dialogs/FilteredItemsSelectionDialog$ItemsFilter.isSubFilter(Lorg/eclipse/ui/dialogs/FilteredItemsSelectionDialog$ItemsFilter;)Z",
      "Lorg/eclipse/ui/dialogs/FilteredItemsSelectionDialog$ItemsFilter.matchItem(Ljava/lang/Object;)Z",
      "Lorg/eclipse/ui/dialogs/FilteredItemsSelectionDialog$ItemsFilter.matchesRawNamePattern(Ljava/lang/Object;)Z"
    ]
  },
  {
    "frequency": 4,
    "overriddenMethods": [
      "Lorg/eclipse/ui/dialogs/FilteredItemsSelectionDialog$ItemsFilter.isConsistentItem(Ljava/lang/Object;)Z",
      "Lorg/eclipse/ui/dialogs/FilteredItemsSelectionDialog$ItemsFilter.matchItem(Ljava/lang/Object;)Z",
      "Lorg/eclipse/ui/dialogs/FilteredItemsSelectionDialog$ItemsFilter.matches(Ljava/lang/String;)Z"
    ]
  },
  {
    "frequency": 16,
    "overriddenMethods": [
      "Lorg/eclipse/ui/dialogs/FilteredItemsSelectionDialog$ItemsFilter.isConsistentItem(Ljava/lang/Object;)Z",
      "Lorg/eclipse/ui/dialogs/FilteredItemsSelectionDialog$ItemsFilter.matchItem(Ljava/lang/Object;)Z"
    ]
  },
  {
    "frequency": 1,
    "overriddenMethods": [
      "Lorg/eclipse/ui/dialogs/FilteredItemsSelectionDialog$ItemsFilter.isConsistentItem(Ljava/lang/Object;)Z",
      "Lorg/eclipse/ui/dialogs/FilteredItemsSelectionDialog$ItemsFilter.isSubFilter(Lorg/eclipse/ui/dialogs/FilteredItemsSelectionDialog$ItemsFilter;)Z",
      "Lorg/eclipse/ui/dialogs/FilteredItemsSelectionDialog$ItemsFilter.matchItem(Ljava/lang/Object;)Z"
    ]
  }
]