[
  {
    "frequency": 9,
    "overriddenMethods": []
  },
  {
    "frequency": 1,
    "overriddenMethods": [
      "Lorg/eclipse/ui/model/WorkbenchLabelProvider.getFont(Ljava/lang/Object;)Lorg/eclipse/swt/graphics/Font;"
    ]
  },
  {
    "frequency": 1,
    "overriddenMethods": [
      "Lorg/eclipse/ui/model/WorkbenchLabelProvider.dispose()V"
    ]
  },
  {
    "frequency": 1,
    "overriddenMethods": [
      "Lorg/eclipse/jface/viewers/BaseLabelProvider.addListener(Lorg/eclipse/jface/viewers/ILabelProviderListener;)V",
      "Lorg/eclipse/jface/viewers/BaseLabelProvider.isLabelProperty(Ljava/lang/Object;Ljava/lang/String;)Z",
      "Lorg/eclipse/jface/viewers/BaseLabelProvider.removeListener(Lorg/eclipse/jface/viewers/ILabelProviderListener;)V",
      "Lorg/eclipse/ui/model/WorkbenchLabelProvider.decorateText(Ljava/lang/String;Ljava/lang/Object;)Ljava/lang/String;",
      "Lorg/eclipse/ui/model/WorkbenchLabelProvider.dispose()V"
    ]
  },
  {
    "frequency": 2,
    "overriddenMethods": [
      "Lorg/eclipse/jface/viewers/BaseLabelProvider.addListener(Lorg/eclipse/jface/viewers/ILabelProviderListener;)V",
      "Lorg/eclipse/jface/viewers/BaseLabelProvider.isLabelProperty(Ljava/lang/Object;Ljava/lang/String;)Z",
      "Lorg/eclipse/jface/viewers/BaseLabelProvider.removeListener(Lorg/eclipse/jface/viewers/ILabelProviderListener;)V",
      "Lorg/eclipse/ui/model/WorkbenchLabelProvider.dispose()V"
    ]
  },
  {
    "frequency": 1,
    "overriddenMethods": [
      "Lorg/eclipse/ui/model/WorkbenchLabelProvider.decorateText(Ljava/lang/String;Ljava/lang/Object;)Ljava/lang/String;",
      "Lorg/eclipse/ui/model/WorkbenchLabelProvider.getForeground(Ljava/lang/Object;)Lorg/eclipse/swt/graphics/Color;"
    ]
  },
  {
    "frequency": 1,
    "overriddenMethods": [
      "Lorg/eclipse/ui/model/WorkbenchLabelProvider.getForeground(Ljava/lang/Object;)Lorg/eclipse/swt/graphics/Color;"
    ]
  },
  {
    "frequency": 12,
    "overriddenMethods": [
      "Lorg/eclipse/ui/model/WorkbenchLabelProvider.decorateText(Ljava/lang/String;Ljava/lang/Object;)Ljava/lang/String;"
    ]
  },
  {
    "frequency": 2,
    "overriddenMethods": [
      "Lorg/eclipse/ui/model/WorkbenchLabelProvider.getStyledText(Ljava/lang/Object;)Lorg/eclipse/jface/viewers/StyledString;"
    ]
  },
  {
    "frequency": 1,
    "overriddenMethods": [
      "Lorg/eclipse/ui/model/WorkbenchLabelProvider.decorateImage(Lorg/eclipse/jface/resource/ImageDescriptor;Ljava/lang/Object;)Lorg/eclipse/jface/resource/ImageDescriptor;",
      "Lorg/eclipse/ui/model/WorkbenchLabelProvider.decorateText(Ljava/lang/String;Ljava/lang/Object;)Ljava/lang/String;"
    ]
  },
  {
    "frequency": 1,
    "overriddenMethods": [
      "Lorg/eclipse/ui/model/WorkbenchLabelProvider.decorateImage(Lorg/eclipse/jface/resource/ImageDescriptor;Ljava/lang/Object;)Lorg/eclipse/jface/resource/ImageDescriptor;"
    ]
  }
]