[
  {
    "frequency": 1,
    "overriddenMethods": [
      "Lorg/eclipse/ui/application/WorkbenchWindowAdvisor.createActionBarAdvisor(Lorg/eclipse/ui/application/IActionBarConfigurer;)Lorg/eclipse/ui/application/ActionBarAdvisor;",
      "Lorg/eclipse/ui/application/WorkbenchWindowAdvisor.createWindowContents(Lorg/eclipse/swt/widgets/Shell;)V",
      "Lorg/eclipse/ui/application/WorkbenchWindowAdvisor.openIntro()V",
      "Lorg/eclipse/ui/application/WorkbenchWindowAdvisor.postWindowClose()V",
      "Lorg/eclipse/ui/application/WorkbenchWindowAdvisor.postWindowCreate()V",
      "Lorg/eclipse/ui/application/WorkbenchWindowAdvisor.postWindowOpen()V",
      "Lorg/eclipse/ui/application/WorkbenchWindowAdvisor.postWindowRestore()V",
      "Lorg/eclipse/ui/application/WorkbenchWindowAdvisor.preWindowOpen()V",
      "Lorg/eclipse/ui/application/WorkbenchWindowAdvisor.preWindowShellClose()Z"
    ]
  },
  {
    "frequency": 1,
    "overriddenMethods": [
      "Lorg/eclipse/ui/application/WorkbenchWindowAdvisor.createActionBarAdvisor(Lorg/eclipse/ui/application/IActionBarConfigurer;)Lorg/eclipse/ui/application/ActionBarAdvisor;",
      "Lorg/eclipse/ui/application/WorkbenchWindowAdvisor.postWindowClose()V",
      "Lorg/eclipse/ui/application/WorkbenchWindowAdvisor.postWindowCreate()V",
      "Lorg/eclipse/ui/application/WorkbenchWindowAdvisor.preWindowOpen()V"
    ]
  },
  {
    "frequency": 1,
    "overriddenMethods": [
      "Lorg/eclipse/ui/application/WorkbenchWindowAdvisor.createWindowContents(Lorg/eclipse/swt/widgets/Shell;)V",
      "Lorg/eclipse/ui/application/WorkbenchWindowAdvisor.preWindowOpen()V"
    ]
  },
  {
    "frequency": 1,
    "overriddenMethods": [
      "Lorg/eclipse/ui/application/WorkbenchWindowAdvisor.restoreState(Lorg/eclipse/ui/IMemento;)Lorg/eclipse/core/runtime/IStatus;"
    ]
  },
  {
    "frequency": 1,
    "overriddenMethods": [
      "Lorg/eclipse/ui/application/WorkbenchWindowAdvisor.saveState(Lorg/eclipse/ui/IMemento;)Lorg/eclipse/core/runtime/IStatus;"
    ]
  },
  {
    "frequency": 1,
    "overriddenMethods": [
      "Lorg/eclipse/ui/application/WorkbenchWindowAdvisor.createActionBarAdvisor(Lorg/eclipse/ui/application/IActionBarConfigurer;)Lorg/eclipse/ui/application/ActionBarAdvisor;",
      "Lorg/eclipse/ui/application/WorkbenchWindowAdvisor.createEmptyWindowContents(Lorg/eclipse/swt/widgets/Composite;)Lorg/eclipse/swt/widgets/Control;",
      "Lorg/eclipse/ui/application/WorkbenchWindowAdvisor.createWindowContents(Lorg/eclipse/swt/widgets/Shell;)V",
      "Lorg/eclipse/ui/application/WorkbenchWindowAdvisor.dispose()V",
      "Lorg/eclipse/ui/application/WorkbenchWindowAdvisor.getWindowConfigurer()Lorg/eclipse/ui/application/IWorkbenchWindowConfigurer;",
      "Lorg/eclipse/ui/application/WorkbenchWindowAdvisor.openIntro()V",
      "Lorg/eclipse/ui/application/WorkbenchWindowAdvisor.postWindowClose()V",
      "Lorg/eclipse/ui/application/WorkbenchWindowAdvisor.postWindowCreate()V",
      "Lorg/eclipse/ui/application/WorkbenchWindowAdvisor.postWindowOpen()V",
      "Lorg/eclipse/ui/application/WorkbenchWindowAdvisor.postWindowRestore()V",
      "Lorg/eclipse/ui/application/WorkbenchWindowAdvisor.preWindowOpen()V",
      "Lorg/eclipse/ui/application/WorkbenchWindowAdvisor.preWindowShellClose()Z",
      "Lorg/eclipse/ui/application/WorkbenchWindowAdvisor.restoreState(Lorg/eclipse/ui/IMemento;)Lorg/eclipse/core/runtime/IStatus;",
      "Lorg/eclipse/ui/application/WorkbenchWindowAdvisor.saveState(Lorg/eclipse/ui/IMemento;)Lorg/eclipse/core/runtime/IStatus;"
    ]
  },
  {
    "frequency": 8,
    "overriddenMethods": [
      "Lorg/eclipse/ui/application/WorkbenchWindowAdvisor.createActionBarAdvisor(Lorg/eclipse/ui/application/IActionBarConfigurer;)Lorg/eclipse/ui/application/ActionBarAdvisor;",
      "Lorg/eclipse/ui/application/WorkbenchWindowAdvisor.preWindowOpen()V"
    ]
  },
  {
    "frequency": 2,
    "overriddenMethods": [
      "Lorg/eclipse/ui/application/WorkbenchWindowAdvisor.createActionBarAdvisor(Lorg/eclipse/ui/application/IActionBarConfigurer;)Lorg/eclipse/ui/application/ActionBarAdvisor;"
    ]
  },
  {
    "frequency": 1,
    "overriddenMethods": [
      "Lorg/eclipse/ui/application/WorkbenchWindowAdvisor.createActionBarAdvisor(Lorg/eclipse/ui/application/IActionBarConfigurer;)Lorg/eclipse/ui/application/ActionBarAdvisor;",
      "Lorg/eclipse/ui/application/WorkbenchWindowAdvisor.createWindowContents(Lorg/eclipse/swt/widgets/Shell;)V",
      "Lorg/eclipse/ui/application/WorkbenchWindowAdvisor.postWindowOpen()V",
      "Lorg/eclipse/ui/application/WorkbenchWindowAdvisor.preWindowOpen()V"
    ]
  },
  {
    "frequency": 1,
    "overriddenMethods": [
      "Lorg/eclipse/ui/application/WorkbenchWindowAdvisor.createWindowContents(Lorg/eclipse/swt/widgets/Shell;)V",
      "Lorg/eclipse/ui/application/WorkbenchWindowAdvisor.dispose()V",
      "Lorg/eclipse/ui/application/WorkbenchWindowAdvisor.postWindowCreate()V",
      "Lorg/eclipse/ui/application/WorkbenchWindowAdvisor.postWindowOpen()V",
      "Lorg/eclipse/ui/application/WorkbenchWindowAdvisor.preWindowOpen()V",
      "Lorg/eclipse/ui/application/WorkbenchWindowAdvisor.preWindowShellClose()Z"
    ]
  },
  {
    "frequency": 1,
    "overriddenMethods": [
      "Lorg/eclipse/ui/application/WorkbenchWindowAdvisor.createActionBarAdvisor(Lorg/eclipse/ui/application/IActionBarConfigurer;)Lorg/eclipse/ui/application/ActionBarAdvisor;",
      "Lorg/eclipse/ui/application/WorkbenchWindowAdvisor.openIntro()V",
      "Lorg/eclipse/ui/application/WorkbenchWindowAdvisor.postWindowOpen()V"
    ]
  },
  {
    "frequency": 1,
    "overriddenMethods": [
      "Lorg/eclipse/ui/application/WorkbenchWindowAdvisor.postWindowOpen()V"
    ]
  },
  {
    "frequency": 1,
    "overriddenMethods": [
      "Lorg/eclipse/ui/application/WorkbenchWindowAdvisor.createActionBarAdvisor(Lorg/eclipse/ui/application/IActionBarConfigurer;)Lorg/eclipse/ui/application/ActionBarAdvisor;",
      "Lorg/eclipse/ui/application/WorkbenchWindowAdvisor.createEmptyWindowContents(Lorg/eclipse/swt/widgets/Composite;)Lorg/eclipse/swt/widgets/Control;",
      "Lorg/eclipse/ui/application/WorkbenchWindowAdvisor.dispose()V",
      "Lorg/eclipse/ui/application/WorkbenchWindowAdvisor.openIntro()V",
      "Lorg/eclipse/ui/application/WorkbenchWindowAdvisor.postWindowRestore()V",
      "Lorg/eclipse/ui/application/WorkbenchWindowAdvisor.preWindowOpen()V",
      "Lorg/eclipse/ui/application/WorkbenchWindowAdvisor.preWindowShellClose()Z"
    ]
  },
  {
    "frequency": 2,
    "overriddenMethods": [
      "Lorg/eclipse/ui/application/WorkbenchWindowAdvisor.createActionBarAdvisor(Lorg/eclipse/ui/application/IActionBarConfigurer;)Lorg/eclipse/ui/application/ActionBarAdvisor;",
      "Lorg/eclipse/ui/application/WorkbenchWindowAdvisor.postWindowOpen()V",
      "Lorg/eclipse/ui/application/WorkbenchWindowAdvisor.preWindowOpen()V"
    ]
  },
  {
    "frequency": 1,
    "overriddenMethods": [
      "Lorg/eclipse/ui/application/WorkbenchWindowAdvisor.createActionBarAdvisor(Lorg/eclipse/ui/application/IActionBarConfigurer;)Lorg/eclipse/ui/application/ActionBarAdvisor;",
      "Lorg/eclipse/ui/application/WorkbenchWindowAdvisor.dispose()V",
      "Lorg/eclipse/ui/application/WorkbenchWindowAdvisor.postWindowOpen()V",
      "Lorg/eclipse/ui/application/WorkbenchWindowAdvisor.postWindowRestore()V",
      "Lorg/eclipse/ui/application/WorkbenchWindowAdvisor.preWindowOpen()V"
    ]
  },
  {
    "frequency": 1,
    "overriddenMethods": [
      "Lorg/eclipse/ui/application/WorkbenchWindowAdvisor.createActionBarAdvisor(Lorg/eclipse/ui/application/IActionBarConfigurer;)Lorg/eclipse/ui/application/ActionBarAdvisor;",
      "Lorg/eclipse/ui/application/WorkbenchWindowAdvisor.postWindowCreate()V",
      "Lorg/eclipse/ui/application/WorkbenchWindowAdvisor.postWindowOpen()V",
      "Lorg/eclipse/ui/application/WorkbenchWindowAdvisor.preWindowOpen()V"
    ]
  }
]