[
  {
    "frequency": 2,
    "overriddenMethods": [
      "Lorg/eclipse/ui/presentations/StackPresentation.addPart(Lorg/eclipse/ui/presentations/IPresentablePart;Ljava/lang/Object;)V",
      "Lorg/eclipse/ui/presentations/StackPresentation.computeMinimumSize()Lorg/eclipse/swt/graphics/Point;",
      "Lorg/eclipse/ui/presentations/StackPresentation.computePreferredSize(ZIII)I",
      "Lorg/eclipse/ui/presentations/StackPresentation.dispose()V",
      "Lorg/eclipse/ui/presentations/StackPresentation.dragOver(Lorg/eclipse/swt/widgets/Control;Lorg/eclipse/swt/graphics/Point;)Lorg/eclipse/ui/presentations/StackDropResult;",
      "Lorg/eclipse/ui/presentations/StackPresentation.getControl()Lorg/eclipse/swt/widgets/Control;",
      "Lorg/eclipse/ui/presentations/StackPresentation.getSizeFlags(Z)I",
      "Lorg/eclipse/ui/presentations/StackPresentation.getTabList(Lorg/eclipse/ui/presentations/IPresentablePart;)[Lorg/eclipse/swt/widgets/Control;",
      "Lorg/eclipse/ui/presentations/StackPresentation.movePart(Lorg/eclipse/ui/presentations/IPresentablePart;Ljava/lang/Object;)V",
      "Lorg/eclipse/ui/presentations/StackPresentation.removePart(Lorg/eclipse/ui/presentations/IPresentablePart;)V",
      "Lorg/eclipse/ui/presentations/StackPresentation.restoreState(Lorg/eclipse/ui/presentations/IPresentationSerializer;Lorg/eclipse/ui/IMemento;)V",
      "Lorg/eclipse/ui/presentations/StackPresentation.saveState(Lorg/eclipse/ui/presentations/IPresentationSerializer;Lorg/eclipse/ui/IMemento;)V",
      "Lorg/eclipse/ui/presentations/StackPresentation.selectPart(Lorg/eclipse/ui/presentations/IPresentablePart;)V",
      "Lorg/eclipse/ui/presentations/StackPresentation.setActive(I)V",
      "Lorg/eclipse/ui/presentations/StackPresentation.setBounds(Lorg/eclipse/swt/graphics/Rectangle;)V",
      "Lorg/eclipse/ui/presentations/StackPresentation.setState(I)V",
      "Lorg/eclipse/ui/presentations/StackPresentation.setVisible(Z)V",
      "Lorg/eclipse/ui/presentations/StackPresentation.showPaneMenu()V",
      "Lorg/eclipse/ui/presentations/StackPresentation.showPartList()V",
      "Lorg/eclipse/ui/presentations/StackPresentation.showSystemMenu()V"
    ]
  },
  {
    "frequency": 2,
    "overriddenMethods": [
      "Lorg/eclipse/ui/presentations/StackPresentation.addPart(Lorg/eclipse/ui/presentations/IPresentablePart;Ljava/lang/Object;)V",
      "Lorg/eclipse/ui/presentations/StackPresentation.dispose()V",
      "Lorg/eclipse/ui/presentations/StackPresentation.dragOver(Lorg/eclipse/swt/widgets/Control;Lorg/eclipse/swt/graphics/Point;)Lorg/eclipse/ui/presentations/StackDropResult;",
      "Lorg/eclipse/ui/presentations/StackPresentation.getControl()Lorg/eclipse/swt/widgets/Control;",
      "Lorg/eclipse/ui/presentations/StackPresentation.getTabList(Lorg/eclipse/ui/presentations/IPresentablePart;)[Lorg/eclipse/swt/widgets/Control;",
      "Lorg/eclipse/ui/presentations/StackPresentation.removePart(Lorg/eclipse/ui/presentations/IPresentablePart;)V",
      "Lorg/eclipse/ui/presentations/StackPresentation.selectPart(Lorg/eclipse/ui/presentations/IPresentablePart;)V",
      "Lorg/eclipse/ui/presentations/StackPresentation.setActive(I)V",
      "Lorg/eclipse/ui/presentations/StackPresentation.setBounds(Lorg/eclipse/swt/graphics/Rectangle;)V",
      "Lorg/eclipse/ui/presentations/StackPresentation.setState(I)V",
      "Lorg/eclipse/ui/presentations/StackPresentation.setVisible(Z)V",
      "Lorg/eclipse/ui/presentations/StackPresentation.showPaneMenu()V",
      "Lorg/eclipse/ui/presentations/StackPresentation.showSystemMenu()V"
    ]
  },
  {
    "frequency": 1,
    "overriddenMethods": [
      "Lorg/eclipse/ui/presentations/StackPresentation.addPart(Lorg/eclipse/ui/presentations/IPresentablePart;Ljava/lang/Object;)V",
      "Lorg/eclipse/ui/presentations/StackPresentation.computeMinimumSize()Lorg/eclipse/swt/graphics/Point;",
      "Lorg/eclipse/ui/presentations/StackPresentation.dispose()V",
      "Lorg/eclipse/ui/presentations/StackPresentation.dragOver(Lorg/eclipse/swt/widgets/Control;Lorg/eclipse/swt/graphics/Point;)Lorg/eclipse/ui/presentations/StackDropResult;",
      "Lorg/eclipse/ui/presentations/StackPresentation.getControl()Lorg/eclipse/swt/widgets/Control;",
      "Lorg/eclipse/ui/presentations/StackPresentation.getTabList(Lorg/eclipse/ui/presentations/IPresentablePart;)[Lorg/eclipse/swt/widgets/Control;",
      "Lorg/eclipse/ui/presentations/StackPresentation.removePart(Lorg/eclipse/ui/presentations/IPresentablePart;)V",
      "Lorg/eclipse/ui/presentations/StackPresentation.selectPart(Lorg/eclipse/ui/presentations/IPresentablePart;)V",
      "Lorg/eclipse/ui/presentations/StackPresentation.setActive(I)V",
      "Lorg/eclipse/ui/presentations/StackPresentation.setBounds(Lorg/eclipse/swt/graphics/Rectangle;)V",
      "Lorg/eclipse/ui/presentations/StackPresentation.setState(I)V",
      "Lorg/eclipse/ui/presentations/StackPresentation.setVisible(Z)V",
      "Lorg/eclipse/ui/presentations/StackPresentation.showPaneMenu()V",
      "Lorg/eclipse/ui/presentations/StackPresentation.showSystemMenu()V"
    ]
  }
]