[
  {
    "frequency": 1,
    "overriddenMethods": [
      "Lorg/eclipse/ui/part/MultiPageEditorSite.handlePostSelectionChanged(Lorg/eclipse/jface/viewers/SelectionChangedEvent;)V",
      "Lorg/eclipse/ui/part/MultiPageEditorSite.handleSelectionChanged(Lorg/eclipse/jface/viewers/SelectionChangedEvent;)V"
    ]
  },
  {
    "frequency": 1,
    "overriddenMethods": [
      "Lorg/eclipse/ui/part/MultiPageEditorSite.getActionBarContributor()Lorg/eclipse/ui/IEditorActionBarContributor;",
      "Lorg/eclipse/ui/part/MultiPageEditorSite.getId()Ljava/lang/String;"
    ]
  },
  {
    "frequency": 1,
    "overriddenMethods": [
      "Lorg/eclipse/ui/part/MultiPageEditorSite.handleSelectionChanged(Lorg/eclipse/jface/viewers/SelectionChangedEvent;)V"
    ]
  },
  {
    "frequency": 10,
    "overriddenMethods": [
      "Lorg/eclipse/ui/part/MultiPageEditorSite.getId()Ljava/lang/String;"
    ]
  },
  {
    "frequency": 1,
    "overriddenMethods": [
      "Lorg/eclipse/ui/part/MultiPageEditorSite.handlePostSelectionChanged(Lorg/eclipse/jface/viewers/SelectionChangedEvent;)V",
      "Lorg/eclipse/ui/part/MultiPageEditorSite.setSelectionProvider(Lorg/eclipse/jface/viewers/ISelectionProvider;)V"
    ]
  },
  {
    "frequency": 1,
    "overriddenMethods": [
      "Lorg/eclipse/ui/part/MultiPageEditorSite.getActionBarContributor()Lorg/eclipse/ui/IEditorActionBarContributor;",
      "Lorg/eclipse/ui/part/MultiPageEditorSite.getPart()Lorg/eclipse/ui/IWorkbenchPart;"
    ]
  }
]