[
  {
    "frequency": 1,
    "overriddenMethods": [
      "Lorg/eclipse/ui/part/PageBookView.createDefaultPage(Lorg/eclipse/ui/part/PageBook;)Lorg/eclipse/ui/part/IPage;",
      "Lorg/eclipse/ui/part/PageBookView.doCreatePage(Lorg/eclipse/ui/IWorkbenchPart;)Lorg/eclipse/ui/part/PageBookView$PageRec;",
      "Lorg/eclipse/ui/part/PageBookView.doDestroyPage(Lorg/eclipse/ui/IWorkbenchPart;Lorg/eclipse/ui/part/PageBookView$PageRec;)V",
      "Lorg/eclipse/ui/part/PageBookView.getBootstrapPart()Lorg/eclipse/ui/IWorkbenchPart;",
      "Lorg/eclipse/ui/part/PageBookView.isImportant(Lorg/eclipse/ui/IWorkbenchPart;)Z",
      "Lorg/eclipse/ui/part/ViewPart.init(Lorg/eclipse/ui/IViewSite;Lorg/eclipse/ui/IMemento;)V",
      "Lorg/eclipse/ui/part/ViewPart.saveState(Lorg/eclipse/ui/IMemento;)V"
    ]
  },
  {
    "frequency": 1,
    "overriddenMethods": [
      "Lorg/eclipse/ui/part/PageBookView.createDefaultPage(Lorg/eclipse/ui/part/PageBook;)Lorg/eclipse/ui/part/IPage;",
      "Lorg/eclipse/ui/part/PageBookView.createPartControl(Lorg/eclipse/swt/widgets/Composite;)V",
      "Lorg/eclipse/ui/part/PageBookView.doCreatePage(Lorg/eclipse/ui/IWorkbenchPart;)Lorg/eclipse/ui/part/PageBookView$PageRec;",
      "Lorg/eclipse/ui/part/PageBookView.doDestroyPage(Lorg/eclipse/ui/IWorkbenchPart;Lorg/eclipse/ui/part/PageBookView$PageRec;)V",
      "Lorg/eclipse/ui/part/PageBookView.getBootstrapPart()Lorg/eclipse/ui/IWorkbenchPart;",
      "Lorg/eclipse/ui/part/PageBookView.isImportant(Lorg/eclipse/ui/IWorkbenchPart;)Z",
      "Lorg/eclipse/ui/part/PageBookView.partActivated(Lorg/eclipse/ui/IWorkbenchPart;)V",
      "Lorg/eclipse/ui/part/PageBookView.partBroughtToTop(Lorg/eclipse/ui/IWorkbenchPart;)V"
    ]
  },
  {
    "frequency": 7,
    "overriddenMethods": [
      "Lorg/eclipse/ui/part/PageBookView.createDefaultPage(Lorg/eclipse/ui/part/PageBook;)Lorg/eclipse/ui/part/IPage;",
      "Lorg/eclipse/ui/part/PageBookView.doCreatePage(Lorg/eclipse/ui/IWorkbenchPart;)Lorg/eclipse/ui/part/PageBookView$PageRec;",
      "Lorg/eclipse/ui/part/PageBookView.doDestroyPage(Lorg/eclipse/ui/IWorkbenchPart;Lorg/eclipse/ui/part/PageBookView$PageRec;)V",
      "Lorg/eclipse/ui/part/PageBookView.getBootstrapPart()Lorg/eclipse/ui/IWorkbenchPart;",
      "Lorg/eclipse/ui/part/PageBookView.isImportant(Lorg/eclipse/ui/IWorkbenchPart;)Z"
    ]
  },
  {
    "frequency": 1,
    "overriddenMethods": [
      "Lorg/eclipse/ui/part/PageBookView.createDefaultPage(Lorg/eclipse/ui/part/PageBook;)Lorg/eclipse/ui/part/IPage;",
      "Lorg/eclipse/ui/part/PageBookView.doCreatePage(Lorg/eclipse/ui/IWorkbenchPart;)Lorg/eclipse/ui/part/PageBookView$PageRec;",
      "Lorg/eclipse/ui/part/PageBookView.doDestroyPage(Lorg/eclipse/ui/IWorkbenchPart;Lorg/eclipse/ui/part/PageBookView$PageRec;)V",
      "Lorg/eclipse/ui/part/PageBookView.getBootstrapPart()Lorg/eclipse/ui/IWorkbenchPart;",
      "Lorg/eclipse/ui/part/PageBookView.init(Lorg/eclipse/ui/IViewSite;)V",
      "Lorg/eclipse/ui/part/PageBookView.isImportant(Lorg/eclipse/ui/IWorkbenchPart;)Z"
    ]
  },
  {
    "frequency": 1,
    "overriddenMethods": [
      "Lorg/eclipse/ui/part/PageBookView.createDefaultPage(Lorg/eclipse/ui/part/PageBook;)Lorg/eclipse/ui/part/IPage;",
      "Lorg/eclipse/ui/part/PageBookView.dispose()V",
      "Lorg/eclipse/ui/part/PageBookView.doCreatePage(Lorg/eclipse/ui/IWorkbenchPart;)Lorg/eclipse/ui/part/PageBookView$PageRec;",
      "Lorg/eclipse/ui/part/PageBookView.doDestroyPage(Lorg/eclipse/ui/IWorkbenchPart;Lorg/eclipse/ui/part/PageBookView$PageRec;)V",
      "Lorg/eclipse/ui/part/PageBookView.getAdapter(Ljava/lang/Class;)Ljava/lang/Object;",
      "Lorg/eclipse/ui/part/PageBookView.getBootstrapPart()Lorg/eclipse/ui/IWorkbenchPart;",
      "Lorg/eclipse/ui/part/PageBookView.init(Lorg/eclipse/ui/IViewSite;)V",
      "Lorg/eclipse/ui/part/PageBookView.isImportant(Lorg/eclipse/ui/IWorkbenchPart;)Z",
      "Lorg/eclipse/ui/part/PageBookView.setFocus()V"
    ]
  },
  {
    "frequency": 1,
    "overriddenMethods": [
      "Lorg/eclipse/ui/part/PageBookView.createDefaultPage(Lorg/eclipse/ui/part/PageBook;)Lorg/eclipse/ui/part/IPage;",
      "Lorg/eclipse/ui/part/PageBookView.createPartControl(Lorg/eclipse/swt/widgets/Composite;)V",
      "Lorg/eclipse/ui/part/PageBookView.doCreatePage(Lorg/eclipse/ui/IWorkbenchPart;)Lorg/eclipse/ui/part/PageBookView$PageRec;",
      "Lorg/eclipse/ui/part/PageBookView.doDestroyPage(Lorg/eclipse/ui/IWorkbenchPart;Lorg/eclipse/ui/part/PageBookView$PageRec;)V",
      "Lorg/eclipse/ui/part/PageBookView.getAdapter(Ljava/lang/Class;)Ljava/lang/Object;",
      "Lorg/eclipse/ui/part/PageBookView.getBootstrapPart()Lorg/eclipse/ui/IWorkbenchPart;",
      "Lorg/eclipse/ui/part/PageBookView.isImportant(Lorg/eclipse/ui/IWorkbenchPart;)Z",
      "Lorg/eclipse/ui/part/PageBookView.partBroughtToTop(Lorg/eclipse/ui/IWorkbenchPart;)V",
      "Lorg/eclipse/ui/part/PageBookView.showPageRec(Lorg/eclipse/ui/part/PageBookView$PageRec;)V"
    ]
  },
  {
    "frequency": 1,
    "overriddenMethods": [
      "Lorg/eclipse/ui/part/PageBookView.createDefaultPage(Lorg/eclipse/ui/part/PageBook;)Lorg/eclipse/ui/part/IPage;",
      "Lorg/eclipse/ui/part/PageBookView.createPartControl(Lorg/eclipse/swt/widgets/Composite;)V",
      "Lorg/eclipse/ui/part/PageBookView.dispose()V",
      "Lorg/eclipse/ui/part/PageBookView.doCreatePage(Lorg/eclipse/ui/IWorkbenchPart;)Lorg/eclipse/ui/part/PageBookView$PageRec;",
      "Lorg/eclipse/ui/part/PageBookView.doDestroyPage(Lorg/eclipse/ui/IWorkbenchPart;Lorg/eclipse/ui/part/PageBookView$PageRec;)V",
      "Lorg/eclipse/ui/part/PageBookView.getBootstrapPart()Lorg/eclipse/ui/IWorkbenchPart;",
      "Lorg/eclipse/ui/part/PageBookView.isImportant(Lorg/eclipse/ui/IWorkbenchPart;)Z",
      "Lorg/eclipse/ui/part/PageBookView.partClosed(Lorg/eclipse/ui/IWorkbenchPart;)V",
      "Lorg/eclipse/ui/part/PageBookView.showPageRec(Lorg/eclipse/ui/part/PageBookView$PageRec;)V"
    ]
  },
  {
    "frequency": 1,
    "overriddenMethods": [
      "Lorg/eclipse/ui/part/PageBookView.createDefaultPage(Lorg/eclipse/ui/part/PageBook;)Lorg/eclipse/ui/part/IPage;",
      "Lorg/eclipse/ui/part/PageBookView.doCreatePage(Lorg/eclipse/ui/IWorkbenchPart;)Lorg/eclipse/ui/part/PageBookView$PageRec;",
      "Lorg/eclipse/ui/part/PageBookView.doDestroyPage(Lorg/eclipse/ui/IWorkbenchPart;Lorg/eclipse/ui/part/PageBookView$PageRec;)V",
      "Lorg/eclipse/ui/part/PageBookView.getBootstrapPart()Lorg/eclipse/ui/IWorkbenchPart;",
      "Lorg/eclipse/ui/part/PageBookView.init(Lorg/eclipse/ui/IViewSite;)V",
      "Lorg/eclipse/ui/part/PageBookView.isImportant(Lorg/eclipse/ui/IWorkbenchPart;)Z",
      "Lorg/eclipse/ui/part/PageBookView.setFocus()V"
    ]
  },
  {
    "frequency": 1,
    "overriddenMethods": [
      "Lorg/eclipse/ui/part/PageBookView.createDefaultPage(Lorg/eclipse/ui/part/PageBook;)Lorg/eclipse/ui/part/IPage;",
      "Lorg/eclipse/ui/part/PageBookView.dispose()V",
      "Lorg/eclipse/ui/part/PageBookView.doCreatePage(Lorg/eclipse/ui/IWorkbenchPart;)Lorg/eclipse/ui/part/PageBookView$PageRec;",
      "Lorg/eclipse/ui/part/PageBookView.doDestroyPage(Lorg/eclipse/ui/IWorkbenchPart;Lorg/eclipse/ui/part/PageBookView$PageRec;)V",
      "Lorg/eclipse/ui/part/PageBookView.getBootstrapPart()Lorg/eclipse/ui/IWorkbenchPart;",
      "Lorg/eclipse/ui/part/PageBookView.init(Lorg/eclipse/ui/IViewSite;)V",
      "Lorg/eclipse/ui/part/PageBookView.isImportant(Lorg/eclipse/ui/IWorkbenchPart;)Z",
      "Lorg/eclipse/ui/part/PageBookView.partActivated(Lorg/eclipse/ui/IWorkbenchPart;)V"
    ]
  },
  {
    "frequency": 1,
    "overriddenMethods": [
      "Lorg/eclipse/ui/part/PageBookView.createDefaultPage(Lorg/eclipse/ui/part/PageBook;)Lorg/eclipse/ui/part/IPage;",
      "Lorg/eclipse/ui/part/PageBookView.doCreatePage(Lorg/eclipse/ui/IWorkbenchPart;)Lorg/eclipse/ui/part/PageBookView$PageRec;",
      "Lorg/eclipse/ui/part/PageBookView.doDestroyPage(Lorg/eclipse/ui/IWorkbenchPart;Lorg/eclipse/ui/part/PageBookView$PageRec;)V",
      "Lorg/eclipse/ui/part/PageBookView.getAdapter(Ljava/lang/Class;)Ljava/lang/Object;",
      "Lorg/eclipse/ui/part/PageBookView.getBootstrapPart()Lorg/eclipse/ui/IWorkbenchPart;",
      "Lorg/eclipse/ui/part/PageBookView.isImportant(Lorg/eclipse/ui/IWorkbenchPart;)Z",
      "Lorg/eclipse/ui/part/PageBookView.partBroughtToTop(Lorg/eclipse/ui/IWorkbenchPart;)V",
      "Lorg/eclipse/ui/part/PageBookView.partClosed(Lorg/eclipse/ui/IWorkbenchPart;)V",
      "Lorg/eclipse/ui/part/ViewPart.setPartName(Ljava/lang/String;)V"
    ]
  },
  {
    "frequency": 1,
    "overriddenMethods": [
      "Lorg/eclipse/ui/part/PageBookView.createDefaultPage(Lorg/eclipse/ui/part/PageBook;)Lorg/eclipse/ui/part/IPage;",
      "Lorg/eclipse/ui/part/PageBookView.createPartControl(Lorg/eclipse/swt/widgets/Composite;)V",
      "Lorg/eclipse/ui/part/PageBookView.doCreatePage(Lorg/eclipse/ui/IWorkbenchPart;)Lorg/eclipse/ui/part/PageBookView$PageRec;",
      "Lorg/eclipse/ui/part/PageBookView.doDestroyPage(Lorg/eclipse/ui/IWorkbenchPart;Lorg/eclipse/ui/part/PageBookView$PageRec;)V",
      "Lorg/eclipse/ui/part/PageBookView.getBootstrapPart()Lorg/eclipse/ui/IWorkbenchPart;",
      "Lorg/eclipse/ui/part/PageBookView.isImportant(Lorg/eclipse/ui/IWorkbenchPart;)Z",
      "Lorg/eclipse/ui/part/PageBookView.partActivated(Lorg/eclipse/ui/IWorkbenchPart;)V",
      "Lorg/eclipse/ui/part/PageBookView.partBroughtToTop(Lorg/eclipse/ui/IWorkbenchPart;)V",
      "Lorg/eclipse/ui/part/PageBookView.partClosed(Lorg/eclipse/ui/IWorkbenchPart;)V",
      "Lorg/eclipse/ui/part/PageBookView.partOpened(Lorg/eclipse/ui/IWorkbenchPart;)V",
      "Lorg/eclipse/ui/part/PageBookView.setFocus()V"
    ]
  },
  {
    "frequency": 1,
    "overriddenMethods": [
      "Lorg/eclipse/ui/part/PageBookView.createDefaultPage(Lorg/eclipse/ui/part/PageBook;)Lorg/eclipse/ui/part/IPage;",
      "Lorg/eclipse/ui/part/PageBookView.createPartControl(Lorg/eclipse/swt/widgets/Composite;)V",
      "Lorg/eclipse/ui/part/PageBookView.dispose()V",
      "Lorg/eclipse/ui/part/PageBookView.doCreatePage(Lorg/eclipse/ui/IWorkbenchPart;)Lorg/eclipse/ui/part/PageBookView$PageRec;",
      "Lorg/eclipse/ui/part/PageBookView.doDestroyPage(Lorg/eclipse/ui/IWorkbenchPart;Lorg/eclipse/ui/part/PageBookView$PageRec;)V",
      "Lorg/eclipse/ui/part/PageBookView.getBootstrapPart()Lorg/eclipse/ui/IWorkbenchPart;",
      "Lorg/eclipse/ui/part/PageBookView.isImportant(Lorg/eclipse/ui/IWorkbenchPart;)Z",
      "Lorg/eclipse/ui/part/PageBookView.showPageRec(Lorg/eclipse/ui/part/PageBookView$PageRec;)V",
      "Lorg/eclipse/ui/part/ViewPart.init(Lorg/eclipse/ui/IViewSite;Lorg/eclipse/ui/IMemento;)V",
      "Lorg/eclipse/ui/part/ViewPart.saveState(Lorg/eclipse/ui/IMemento;)V"
    ]
  },
  {
    "frequency": 1,
    "overriddenMethods": [
      "Lorg/eclipse/ui/part/PageBookView.createDefaultPage(Lorg/eclipse/ui/part/PageBook;)Lorg/eclipse/ui/part/IPage;",
      "Lorg/eclipse/ui/part/PageBookView.createPartControl(Lorg/eclipse/swt/widgets/Composite;)V",
      "Lorg/eclipse/ui/part/PageBookView.dispose()V",
      "Lorg/eclipse/ui/part/PageBookView.doCreatePage(Lorg/eclipse/ui/IWorkbenchPart;)Lorg/eclipse/ui/part/PageBookView$PageRec;",
      "Lorg/eclipse/ui/part/PageBookView.doDestroyPage(Lorg/eclipse/ui/IWorkbenchPart;Lorg/eclipse/ui/part/PageBookView$PageRec;)V",
      "Lorg/eclipse/ui/part/PageBookView.getBootstrapPart()Lorg/eclipse/ui/IWorkbenchPart;",
      "Lorg/eclipse/ui/part/PageBookView.getPageRec(Lorg/eclipse/ui/IWorkbenchPart;)Lorg/eclipse/ui/part/PageBookView$PageRec;",
      "Lorg/eclipse/ui/part/PageBookView.init(Lorg/eclipse/ui/IViewSite;)V",
      "Lorg/eclipse/ui/part/PageBookView.isImportant(Lorg/eclipse/ui/IWorkbenchPart;)Z",
      "Lorg/eclipse/ui/part/PageBookView.partActivated(Lorg/eclipse/ui/IWorkbenchPart;)V",
      "Lorg/eclipse/ui/part/PageBookView.setFocus()V",
      "Lorg/eclipse/ui/part/PageBookView.showPageRec(Lorg/eclipse/ui/part/PageBookView$PageRec;)V"
    ]
  },
  {
    "frequency": 1,
    "overriddenMethods": [
      "Lorg/eclipse/ui/part/PageBookView.createDefaultPage(Lorg/eclipse/ui/part/PageBook;)Lorg/eclipse/ui/part/IPage;",
      "Lorg/eclipse/ui/part/PageBookView.doCreatePage(Lorg/eclipse/ui/IWorkbenchPart;)Lorg/eclipse/ui/part/PageBookView$PageRec;",
      "Lorg/eclipse/ui/part/PageBookView.doDestroyPage(Lorg/eclipse/ui/IWorkbenchPart;Lorg/eclipse/ui/part/PageBookView$PageRec;)V",
      "Lorg/eclipse/ui/part/PageBookView.getAdapter(Ljava/lang/Class;)Ljava/lang/Object;",
      "Lorg/eclipse/ui/part/PageBookView.getBootstrapPart()Lorg/eclipse/ui/IWorkbenchPart;",
      "Lorg/eclipse/ui/part/PageBookView.isImportant(Lorg/eclipse/ui/IWorkbenchPart;)Z",
      "Lorg/eclipse/ui/part/PageBookView.partBroughtToTop(Lorg/eclipse/ui/IWorkbenchPart;)V"
    ]
  },
  {
    "frequency": 1,
    "overriddenMethods": [
      "Lorg/eclipse/ui/part/PageBookView.createDefaultPage(Lorg/eclipse/ui/part/PageBook;)Lorg/eclipse/ui/part/IPage;",
      "Lorg/eclipse/ui/part/PageBookView.createPartControl(Lorg/eclipse/swt/widgets/Composite;)V",
      "Lorg/eclipse/ui/part/PageBookView.dispose()V",
      "Lorg/eclipse/ui/part/PageBookView.doCreatePage(Lorg/eclipse/ui/IWorkbenchPart;)Lorg/eclipse/ui/part/PageBookView$PageRec;",
      "Lorg/eclipse/ui/part/PageBookView.doDestroyPage(Lorg/eclipse/ui/IWorkbenchPart;Lorg/eclipse/ui/part/PageBookView$PageRec;)V",
      "Lorg/eclipse/ui/part/PageBookView.getBootstrapPart()Lorg/eclipse/ui/IWorkbenchPart;",
      "Lorg/eclipse/ui/part/PageBookView.isImportant(Lorg/eclipse/ui/IWorkbenchPart;)Z"
    ]
  },
  {
    "frequency": 1,
    "overriddenMethods": [
      "Ljava/lang/Object.toString()Ljava/lang/String;",
      "Lorg/eclipse/ui/part/PageBookView.createDefaultPage(Lorg/eclipse/ui/part/PageBook;)Lorg/eclipse/ui/part/IPage;",
      "Lorg/eclipse/ui/part/PageBookView.createPartControl(Lorg/eclipse/swt/widgets/Composite;)V",
      "Lorg/eclipse/ui/part/PageBookView.dispose()V",
      "Lorg/eclipse/ui/part/PageBookView.doCreatePage(Lorg/eclipse/ui/IWorkbenchPart;)Lorg/eclipse/ui/part/PageBookView$PageRec;",
      "Lorg/eclipse/ui/part/PageBookView.doDestroyPage(Lorg/eclipse/ui/IWorkbenchPart;Lorg/eclipse/ui/part/PageBookView$PageRec;)V",
      "Lorg/eclipse/ui/part/PageBookView.getBootstrapPart()Lorg/eclipse/ui/IWorkbenchPart;",
      "Lorg/eclipse/ui/part/PageBookView.isImportant(Lorg/eclipse/ui/IWorkbenchPart;)Z",
      "Lorg/eclipse/ui/part/PageBookView.partBroughtToTop(Lorg/eclipse/ui/IWorkbenchPart;)V"
    ]
  },
  {
    "frequency": 1,
    "overriddenMethods": [
      "Lorg/eclipse/ui/part/PageBookView.createDefaultPage(Lorg/eclipse/ui/part/PageBook;)Lorg/eclipse/ui/part/IPage;",
      "Lorg/eclipse/ui/part/PageBookView.doCreatePage(Lorg/eclipse/ui/IWorkbenchPart;)Lorg/eclipse/ui/part/PageBookView$PageRec;",
      "Lorg/eclipse/ui/part/PageBookView.doDestroyPage(Lorg/eclipse/ui/IWorkbenchPart;Lorg/eclipse/ui/part/PageBookView$PageRec;)V",
      "Lorg/eclipse/ui/part/PageBookView.getAdapter(Ljava/lang/Class;)Ljava/lang/Object;",
      "Lorg/eclipse/ui/part/PageBookView.getBootstrapPart()Lorg/eclipse/ui/IWorkbenchPart;",
      "Lorg/eclipse/ui/part/PageBookView.getPageRec(Lorg/eclipse/ui/IWorkbenchPart;)Lorg/eclipse/ui/part/PageBookView$PageRec;",
      "Lorg/eclipse/ui/part/PageBookView.isImportant(Lorg/eclipse/ui/IWorkbenchPart;)Z",
      "Lorg/eclipse/ui/part/PageBookView.partBroughtToTop(Lorg/eclipse/ui/IWorkbenchPart;)V"
    ]
  },
  {
    "frequency": 1,
    "overriddenMethods": [
      "Lorg/eclipse/ui/part/PageBookView.createDefaultPage(Lorg/eclipse/ui/part/PageBook;)Lorg/eclipse/ui/part/IPage;",
      "Lorg/eclipse/ui/part/PageBookView.createPartControl(Lorg/eclipse/swt/widgets/Composite;)V",
      "Lorg/eclipse/ui/part/PageBookView.dispose()V",
      "Lorg/eclipse/ui/part/PageBookView.doCreatePage(Lorg/eclipse/ui/IWorkbenchPart;)Lorg/eclipse/ui/part/PageBookView$PageRec;",
      "Lorg/eclipse/ui/part/PageBookView.doDestroyPage(Lorg/eclipse/ui/IWorkbenchPart;Lorg/eclipse/ui/part/PageBookView$PageRec;)V",
      "Lorg/eclipse/ui/part/PageBookView.getBootstrapPart()Lorg/eclipse/ui/IWorkbenchPart;",
      "Lorg/eclipse/ui/part/PageBookView.getViewAdapter(Ljava/lang/Class;)Ljava/lang/Object;",
      "Lorg/eclipse/ui/part/PageBookView.init(Lorg/eclipse/ui/IViewSite;)V",
      "Lorg/eclipse/ui/part/PageBookView.isImportant(Lorg/eclipse/ui/IWorkbenchPart;)Z",
      "Lorg/eclipse/ui/part/PageBookView.partActivated(Lorg/eclipse/ui/IWorkbenchPart;)V",
      "Lorg/eclipse/ui/part/PageBookView.partClosed(Lorg/eclipse/ui/IWorkbenchPart;)V",
      "Lorg/eclipse/ui/part/PageBookView.partHidden(Lorg/eclipse/ui/IWorkbenchPart;)V",
      "Lorg/eclipse/ui/part/PageBookView.partVisible(Lorg/eclipse/ui/IWorkbenchPart;)V",
      "Lorg/eclipse/ui/part/ViewPart.saveState(Lorg/eclipse/ui/IMemento;)V"
    ]
  },
  {
    "frequency": 1,
    "overriddenMethods": [
      "Lorg/eclipse/ui/part/PageBookView.createDefaultPage(Lorg/eclipse/ui/part/PageBook;)Lorg/eclipse/ui/part/IPage;",
      "Lorg/eclipse/ui/part/PageBookView.dispose()V",
      "Lorg/eclipse/ui/part/PageBookView.doCreatePage(Lorg/eclipse/ui/IWorkbenchPart;)Lorg/eclipse/ui/part/PageBookView$PageRec;",
      "Lorg/eclipse/ui/part/PageBookView.doDestroyPage(Lorg/eclipse/ui/IWorkbenchPart;Lorg/eclipse/ui/part/PageBookView$PageRec;)V",
      "Lorg/eclipse/ui/part/PageBookView.getBootstrapPart()Lorg/eclipse/ui/IWorkbenchPart;",
      "Lorg/eclipse/ui/part/PageBookView.getViewAdapter(Ljava/lang/Class;)Ljava/lang/Object;",
      "Lorg/eclipse/ui/part/PageBookView.init(Lorg/eclipse/ui/IViewSite;)V",
      "Lorg/eclipse/ui/part/PageBookView.isImportant(Lorg/eclipse/ui/IWorkbenchPart;)Z",
      "Lorg/eclipse/ui/part/PageBookView.partActivated(Lorg/eclipse/ui/IWorkbenchPart;)V"
    ]
  },
  {
    "frequency": 1,
    "overriddenMethods": [
      "Lorg/eclipse/ui/part/PageBookView.createDefaultPage(Lorg/eclipse/ui/part/PageBook;)Lorg/eclipse/ui/part/IPage;",
      "Lorg/eclipse/ui/part/PageBookView.createPartControl(Lorg/eclipse/swt/widgets/Composite;)V",
      "Lorg/eclipse/ui/part/PageBookView.dispose()V",
      "Lorg/eclipse/ui/part/PageBookView.doCreatePage(Lorg/eclipse/ui/IWorkbenchPart;)Lorg/eclipse/ui/part/PageBookView$PageRec;",
      "Lorg/eclipse/ui/part/PageBookView.doDestroyPage(Lorg/eclipse/ui/IWorkbenchPart;Lorg/eclipse/ui/part/PageBookView$PageRec;)V",
      "Lorg/eclipse/ui/part/PageBookView.getAdapter(Ljava/lang/Class;)Ljava/lang/Object;",
      "Lorg/eclipse/ui/part/PageBookView.getBootstrapPart()Lorg/eclipse/ui/IWorkbenchPart;",
      "Lorg/eclipse/ui/part/PageBookView.initPage(Lorg/eclipse/ui/part/IPageBookViewPage;)V",
      "Lorg/eclipse/ui/part/PageBookView.isImportant(Lorg/eclipse/ui/IWorkbenchPart;)Z",
      "Lorg/eclipse/ui/part/PageBookView.partActivated(Lorg/eclipse/ui/IWorkbenchPart;)V",
      "Lorg/eclipse/ui/part/PageBookView.setFocus()V",
      "Lorg/eclipse/ui/part/ViewPart.init(Lorg/eclipse/ui/IViewSite;Lorg/eclipse/ui/IMemento;)V",
      "Lorg/eclipse/ui/part/ViewPart.saveState(Lorg/eclipse/ui/IMemento;)V",
      "Lorg/eclipse/ui/part/WorkbenchPart.showBusy(Z)V"
    ]
  },
  {
    "frequency": 1,
    "overriddenMethods": [
      "Lorg/eclipse/ui/part/PageBookView.createDefaultPage(Lorg/eclipse/ui/part/PageBook;)Lorg/eclipse/ui/part/IPage;",
      "Lorg/eclipse/ui/part/PageBookView.createPartControl(Lorg/eclipse/swt/widgets/Composite;)V",
      "Lorg/eclipse/ui/part/PageBookView.dispose()V",
      "Lorg/eclipse/ui/part/PageBookView.doCreatePage(Lorg/eclipse/ui/IWorkbenchPart;)Lorg/eclipse/ui/part/PageBookView$PageRec;",
      "Lorg/eclipse/ui/part/PageBookView.doDestroyPage(Lorg/eclipse/ui/IWorkbenchPart;Lorg/eclipse/ui/part/PageBookView$PageRec;)V",
      "Lorg/eclipse/ui/part/PageBookView.getBootstrapPart()Lorg/eclipse/ui/IWorkbenchPart;",
      "Lorg/eclipse/ui/part/PageBookView.init(Lorg/eclipse/ui/IViewSite;)V",
      "Lorg/eclipse/ui/part/PageBookView.isImportant(Lorg/eclipse/ui/IWorkbenchPart;)Z"
    ]
  },
  {
    "frequency": 2,
    "overriddenMethods": [
      "Lorg/eclipse/ui/part/PageBookView.createDefaultPage(Lorg/eclipse/ui/part/PageBook;)Lorg/eclipse/ui/part/IPage;",
      "Lorg/eclipse/ui/part/PageBookView.createPartControl(Lorg/eclipse/swt/widgets/Composite;)V",
      "Lorg/eclipse/ui/part/PageBookView.dispose()V",
      "Lorg/eclipse/ui/part/PageBookView.doCreatePage(Lorg/eclipse/ui/IWorkbenchPart;)Lorg/eclipse/ui/part/PageBookView$PageRec;",
      "Lorg/eclipse/ui/part/PageBookView.doDestroyPage(Lorg/eclipse/ui/IWorkbenchPart;Lorg/eclipse/ui/part/PageBookView$PageRec;)V",
      "Lorg/eclipse/ui/part/PageBookView.getAdapter(Ljava/lang/Class;)Ljava/lang/Object;",
      "Lorg/eclipse/ui/part/PageBookView.getBootstrapPart()Lorg/eclipse/ui/IWorkbenchPart;",
      "Lorg/eclipse/ui/part/PageBookView.isImportant(Lorg/eclipse/ui/IWorkbenchPart;)Z",
      "Lorg/eclipse/ui/part/PageBookView.partClosed(Lorg/eclipse/ui/IWorkbenchPart;)V",
      "Lorg/eclipse/ui/part/PageBookView.showPageRec(Lorg/eclipse/ui/part/PageBookView$PageRec;)V"
    ]
  },
  {
    "frequency": 1,
    "overriddenMethods": [
      "Lorg/eclipse/ui/part/PageBookView.createDefaultPage(Lorg/eclipse/ui/part/PageBook;)Lorg/eclipse/ui/part/IPage;",
      "Lorg/eclipse/ui/part/PageBookView.dispose()V",
      "Lorg/eclipse/ui/part/PageBookView.doCreatePage(Lorg/eclipse/ui/IWorkbenchPart;)Lorg/eclipse/ui/part/PageBookView$PageRec;",
      "Lorg/eclipse/ui/part/PageBookView.doDestroyPage(Lorg/eclipse/ui/IWorkbenchPart;Lorg/eclipse/ui/part/PageBookView$PageRec;)V",
      "Lorg/eclipse/ui/part/PageBookView.getAdapter(Ljava/lang/Class;)Ljava/lang/Object;",
      "Lorg/eclipse/ui/part/PageBookView.getBootstrapPart()Lorg/eclipse/ui/IWorkbenchPart;",
      "Lorg/eclipse/ui/part/PageBookView.init(Lorg/eclipse/ui/IViewSite;)V",
      "Lorg/eclipse/ui/part/PageBookView.isImportant(Lorg/eclipse/ui/IWorkbenchPart;)Z",
      "Lorg/eclipse/ui/part/PageBookView.showPageRec(Lorg/eclipse/ui/part/PageBookView$PageRec;)V"
    ]
  },
  {
    "frequency": 1,
    "overriddenMethods": [
      "Lorg/eclipse/ui/part/PageBookView.createDefaultPage(Lorg/eclipse/ui/part/PageBook;)Lorg/eclipse/ui/part/IPage;",
      "Lorg/eclipse/ui/part/PageBookView.createPartControl(Lorg/eclipse/swt/widgets/Composite;)V",
      "Lorg/eclipse/ui/part/PageBookView.doCreatePage(Lorg/eclipse/ui/IWorkbenchPart;)Lorg/eclipse/ui/part/PageBookView$PageRec;",
      "Lorg/eclipse/ui/part/PageBookView.doDestroyPage(Lorg/eclipse/ui/IWorkbenchPart;Lorg/eclipse/ui/part/PageBookView$PageRec;)V",
      "Lorg/eclipse/ui/part/PageBookView.getBootstrapPart()Lorg/eclipse/ui/IWorkbenchPart;",
      "Lorg/eclipse/ui/part/PageBookView.isImportant(Lorg/eclipse/ui/IWorkbenchPart;)Z",
      "Lorg/eclipse/ui/part/PageBookView.partBroughtToTop(Lorg/eclipse/ui/IWorkbenchPart;)V"
    ]
  },
  {
    "frequency": 1,
    "overriddenMethods": [
      "Lorg/eclipse/ui/part/PageBookView.createDefaultPage(Lorg/eclipse/ui/part/PageBook;)Lorg/eclipse/ui/part/IPage;",
      "Lorg/eclipse/ui/part/PageBookView.createPartControl(Lorg/eclipse/swt/widgets/Composite;)V",
      "Lorg/eclipse/ui/part/PageBookView.dispose()V",
      "Lorg/eclipse/ui/part/PageBookView.doCreatePage(Lorg/eclipse/ui/IWorkbenchPart;)Lorg/eclipse/ui/part/PageBookView$PageRec;",
      "Lorg/eclipse/ui/part/PageBookView.doDestroyPage(Lorg/eclipse/ui/IWorkbenchPart;Lorg/eclipse/ui/part/PageBookView$PageRec;)V",
      "Lorg/eclipse/ui/part/PageBookView.getBootstrapPart()Lorg/eclipse/ui/IWorkbenchPart;",
      "Lorg/eclipse/ui/part/PageBookView.init(Lorg/eclipse/ui/IViewSite;)V",
      "Lorg/eclipse/ui/part/PageBookView.isImportant(Lorg/eclipse/ui/IWorkbenchPart;)Z",
      "Lorg/eclipse/ui/part/PageBookView.partActivated(Lorg/eclipse/ui/IWorkbenchPart;)V",
      "Lorg/eclipse/ui/part/PageBookView.partBroughtToTop(Lorg/eclipse/ui/IWorkbenchPart;)V",
      "Lorg/eclipse/ui/part/PageBookView.showPageRec(Lorg/eclipse/ui/part/PageBookView$PageRec;)V"
    ]
  }
]