[
  {
    "frequency": 3,
    "overriddenMethods": []
  },
  {
    "frequency": 17,
    "overriddenMethods": [
      "Lorg/eclipse/ui/part/Page.createControl(Lorg/eclipse/swt/widgets/Composite;)V",
      "Lorg/eclipse/ui/part/Page.dispose()V",
      "Lorg/eclipse/ui/part/Page.getControl()Lorg/eclipse/swt/widgets/Control;",
      "Lorg/eclipse/ui/part/Page.init(Lorg/eclipse/ui/part/IPageSite;)V",
      "Lorg/eclipse/ui/part/Page.setFocus()V"
    ]
  },
  {
    "frequency": 2,
    "overriddenMethods": [
      "Lorg/eclipse/ui/part/Page.createControl(Lorg/eclipse/swt/widgets/Composite;)V",
      "Lorg/eclipse/ui/part/Page.getControl()Lorg/eclipse/swt/widgets/Control;",
      "Lorg/eclipse/ui/part/Page.makeContributions(Lorg/eclipse/jface/action/IMenuManager;Lorg/eclipse/jface/action/IToolBarManager;Lorg/eclipse/jface/action/IStatusLineManager;)V",
      "Lorg/eclipse/ui/part/Page.setFocus()V"
    ]
  },
  {
    "frequency": 4,
    "overriddenMethods": [
      "Lorg/eclipse/ui/part/Page.createControl(Lorg/eclipse/swt/widgets/Composite;)V",
      "Lorg/eclipse/ui/part/Page.dispose()V",
      "Lorg/eclipse/ui/part/Page.getControl()Lorg/eclipse/swt/widgets/Control;",
      "Lorg/eclipse/ui/part/Page.setActionBars(Lorg/eclipse/ui/IActionBars;)V",
      "Lorg/eclipse/ui/part/Page.setFocus()V"
    ]
  },
  {
    "frequency": 27,
    "overriddenMethods": [
      "Lorg/eclipse/ui/part/Page.createControl(Lorg/eclipse/swt/widgets/Composite;)V",
      "Lorg/eclipse/ui/part/Page.dispose()V",
      "Lorg/eclipse/ui/part/Page.getControl()Lorg/eclipse/swt/widgets/Control;",
      "Lorg/eclipse/ui/part/Page.setFocus()V"
    ]
  },
  {
    "frequency": 1,
    "overriddenMethods": [
      "Ljava/lang/Object.toString()Ljava/lang/String;",
      "Lorg/eclipse/ui/part/Page.createControl(Lorg/eclipse/swt/widgets/Composite;)V",
      "Lorg/eclipse/ui/part/Page.dispose()V",
      "Lorg/eclipse/ui/part/Page.getControl()Lorg/eclipse/swt/widgets/Control;",
      "Lorg/eclipse/ui/part/Page.init(Lorg/eclipse/ui/part/IPageSite;)V",
      "Lorg/eclipse/ui/part/Page.setFocus()V"
    ]
  },
  {
    "frequency": 2,
    "overriddenMethods": [
      "Lorg/eclipse/ui/part/Page.createControl(Lorg/eclipse/swt/widgets/Composite;)V",
      "Lorg/eclipse/ui/part/Page.dispose()V",
      "Lorg/eclipse/ui/part/Page.getControl()Lorg/eclipse/swt/widgets/Control;",
      "Lorg/eclipse/ui/part/Page.makeContributions(Lorg/eclipse/jface/action/IMenuManager;Lorg/eclipse/jface/action/IToolBarManager;Lorg/eclipse/jface/action/IStatusLineManager;)V",
      "Lorg/eclipse/ui/part/Page.setFocus()V"
    ]
  },
  {
    "frequency": 1,
    "overriddenMethods": [
      "Lorg/eclipse/ui/part/Page.createControl(Lorg/eclipse/swt/widgets/Composite;)V",
      "Lorg/eclipse/ui/part/Page.getControl()Lorg/eclipse/swt/widgets/Control;",
      "Lorg/eclipse/ui/part/Page.init(Lorg/eclipse/ui/part/IPageSite;)V",
      "Lorg/eclipse/ui/part/Page.setActionBars(Lorg/eclipse/ui/IActionBars;)V",
      "Lorg/eclipse/ui/part/Page.setFocus()V"
    ]
  },
  {
    "frequency": 4,
    "overriddenMethods": [
      "Lorg/eclipse/ui/part/Page.createControl(Lorg/eclipse/swt/widgets/Composite;)V",
      "Lorg/eclipse/ui/part/Page.dispose()V",
      "Lorg/eclipse/ui/part/Page.getControl()Lorg/eclipse/swt/widgets/Control;",
      "Lorg/eclipse/ui/part/Page.getSite()Lorg/eclipse/ui/part/IPageSite;",
      "Lorg/eclipse/ui/part/Page.init(Lorg/eclipse/ui/part/IPageSite;)V",
      "Lorg/eclipse/ui/part/Page.setFocus()V"
    ]
  },
  {
    "frequency": 5,
    "overriddenMethods": [
      "Lorg/eclipse/ui/part/Page.createControl(Lorg/eclipse/swt/widgets/Composite;)V",
      "Lorg/eclipse/ui/part/Page.dispose()V",
      "Lorg/eclipse/ui/part/Page.getControl()Lorg/eclipse/swt/widgets/Control;",
      "Lorg/eclipse/ui/part/Page.makeContributions(Lorg/eclipse/jface/action/IMenuManager;Lorg/eclipse/jface/action/IToolBarManager;Lorg/eclipse/jface/action/IStatusLineManager;)V",
      "Lorg/eclipse/ui/part/Page.setActionBars(Lorg/eclipse/ui/IActionBars;)V",
      "Lorg/eclipse/ui/part/Page.setFocus()V"
    ]
  },
  {
    "frequency": 23,
    "overriddenMethods": [
      "Lorg/eclipse/ui/part/Page.createControl(Lorg/eclipse/swt/widgets/Composite;)V",
      "Lorg/eclipse/ui/part/Page.getControl()Lorg/eclipse/swt/widgets/Control;",
      "Lorg/eclipse/ui/part/Page.setFocus()V"
    ]
  },
  {
    "frequency": 70,
    "overriddenMethods": [
      "Lorg/eclipse/ui/part/Page.createControl(Lorg/eclipse/swt/widgets/Composite;)V",
      "Lorg/eclipse/ui/part/Page.getControl()Lorg/eclipse/swt/widgets/Control;",
      "Lorg/eclipse/ui/part/Page.init(Lorg/eclipse/ui/part/IPageSite;)V",
      "Lorg/eclipse/ui/part/Page.setFocus()V"
    ]
  },
  {
    "frequency": 1,
    "overriddenMethods": [
      "Lorg/eclipse/ui/part/Page.createControl(Lorg/eclipse/swt/widgets/Composite;)V",
      "Lorg/eclipse/ui/part/Page.getControl()Lorg/eclipse/swt/widgets/Control;",
      "Lorg/eclipse/ui/part/Page.init(Lorg/eclipse/ui/part/IPageSite;)V",
      "Lorg/eclipse/ui/part/Page.makeContributions(Lorg/eclipse/jface/action/IMenuManager;Lorg/eclipse/jface/action/IToolBarManager;Lorg/eclipse/jface/action/IStatusLineManager;)V",
      "Lorg/eclipse/ui/part/Page.setFocus()V"
    ]
  }
]