[
  {
    "frequency": 2,
    "overriddenMethods": []
  },
  {
    "frequency": 2,
    "overriddenMethods": [
      "Lorg/eclipse/jface/viewers/ViewerDropAdapter.dragOver(Lorg/eclipse/swt/dnd/DropTargetEvent;)V",
      "Lorg/eclipse/jface/viewers/ViewerDropAdapter.getCurrentTarget()Ljava/lang/Object;",
      "Lorg/eclipse/ui/part/PluginDropAdapter.drop(Lorg/eclipse/swt/dnd/DropTargetEvent;)V",
      "Lorg/eclipse/ui/part/PluginDropAdapter.performDrop(Ljava/lang/Object;)Z",
      "Lorg/eclipse/ui/part/PluginDropAdapter.validateDrop(Ljava/lang/Object;ILorg/eclipse/swt/dnd/TransferData;)Z"
    ]
  },
  {
    "frequency": 1,
    "overriddenMethods": [
      "Lorg/eclipse/jface/viewers/ViewerDropAdapter.dragEnter(Lorg/eclipse/swt/dnd/DropTargetEvent;)V",
      "Lorg/eclipse/jface/viewers/ViewerDropAdapter.getBounds(Lorg/eclipse/swt/widgets/Item;)Lorg/eclipse/swt/graphics/Rectangle;",
      "Lorg/eclipse/jface/viewers/ViewerDropAdapter.getCurrentLocation()I",
      "Lorg/eclipse/jface/viewers/ViewerDropAdapter.getCurrentOperation()I",
      "Lorg/eclipse/jface/viewers/ViewerDropAdapter.getCurrentTarget()Ljava/lang/Object;",
      "Lorg/eclipse/jface/viewers/ViewerDropAdapter.overrideOperation(I)V",
      "Lorg/eclipse/swt/dnd/DropTargetAdapter.dragLeave(Lorg/eclipse/swt/dnd/DropTargetEvent;)V",
      "Lorg/eclipse/ui/part/PluginDropAdapter.getCurrentTransfer()Lorg/eclipse/swt/dnd/TransferData;",
      "Lorg/eclipse/ui/part/PluginDropAdapter.performDrop(Ljava/lang/Object;)Z",
      "Lorg/eclipse/ui/part/PluginDropAdapter.validateDrop(Ljava/lang/Object;ILorg/eclipse/swt/dnd/TransferData;)Z"
    ]
  },
  {
    "frequency": 1,
    "overriddenMethods": [
      "Lorg/eclipse/jface/viewers/ViewerDropAdapter.dragEnter(Lorg/eclipse/swt/dnd/DropTargetEvent;)V",
      "Lorg/eclipse/jface/viewers/ViewerDropAdapter.dragOperationChanged(Lorg/eclipse/swt/dnd/DropTargetEvent;)V",
      "Lorg/eclipse/ui/part/PluginDropAdapter.performDrop(Ljava/lang/Object;)Z",
      "Lorg/eclipse/ui/part/PluginDropAdapter.validateDrop(Ljava/lang/Object;ILorg/eclipse/swt/dnd/TransferData;)Z"
    ]
  },
  {
    "frequency": 1,
    "overriddenMethods": [
      "Lorg/eclipse/jface/viewers/ViewerDropAdapter.dragEnter(Lorg/eclipse/swt/dnd/DropTargetEvent;)V",
      "Lorg/eclipse/ui/part/PluginDropAdapter.performDrop(Ljava/lang/Object;)Z",
      "Lorg/eclipse/ui/part/PluginDropAdapter.validateDrop(Ljava/lang/Object;ILorg/eclipse/swt/dnd/TransferData;)Z"
    ]
  }
]