[
  {
    "frequency": 1,
    "overriddenMethods": []
  },
  {
    "frequency": 1,
    "overriddenMethods": [
      "Lorg/eclipse/ui/part/ShowInContext.getInput()Ljava/lang/Object;",
      "Lorg/eclipse/ui/part/ShowInContext.getSelection()Lorg/eclipse/jface/viewers/ISelection;"
    ]
  },
  {
    "frequency": 2,
    "overriddenMethods": [
      "Lorg/eclipse/ui/part/ShowInContext.getSelection()Lorg/eclipse/jface/viewers/ISelection;"
    ]
  },
  {
    "frequency": 1,
    "overriddenMethods": [
      "Ljava/lang/Object.equals(Ljava/lang/Object;)Z",
      "Ljava/lang/Object.hashCode()I"
    ]
  }
]