[
  {
    "frequency": 2,
    "overriddenMethods": [
      "Lorg/eclipse/ui/internal/ActionExpression$AbstractExpression.isEnabledFor(Ljava/lang/Object;)Z"
    ]
  },
  {
    "frequency": 1,
    "overriddenMethods": [
      "Lorg/eclipse/ui/internal/ActionExpression$AbstractExpression.extractObjectClasses()[Ljava/lang/String;",
      "Lorg/eclipse/ui/internal/ActionExpression$AbstractExpression.isEnabledFor(Ljava/lang/Object;)Z",
      "Lorg/eclipse/ui/internal/ActionExpression$AbstractExpression.isEnabledForExpression(Ljava/lang/Object;Ljava/lang/String;)Z"
    ]
  },
  {
    "frequency": 1,
    "overriddenMethods": [
      "Lorg/eclipse/ui/internal/ActionExpression$AbstractExpression.extractObjectClasses()[Ljava/lang/String;",
      "Lorg/eclipse/ui/internal/ActionExpression$AbstractExpression.isEnabledFor(Ljava/lang/Object;)Z",
      "Lorg/eclipse/ui/internal/ActionExpression$AbstractExpression.isEnabledForExpression(Ljava/lang/Object;Ljava/lang/String;)Z",
      "Lorg/eclipse/ui/internal/ActionExpression$AbstractExpression.valuesForExpression(Ljava/lang/String;)Ljava/util/Collection;"
    ]
  },
  {
    "frequency": 1,
    "overriddenMethods": [
      "Lorg/eclipse/ui/internal/ActionExpression$AbstractExpression.isEnabledFor(Ljava/lang/Object;)Z",
      "Lorg/eclipse/ui/internal/ActionExpression$AbstractExpression.valuesForExpression(Ljava/lang/String;)Ljava/util/Collection;"
    ]
  }
]