[
  {
    "frequency": 1,
    "overriddenMethods": [
      "Lorg/eclipse/ui/internal/DefaultStackPresentationSite.addSystemActions(Lorg/eclipse/jface/action/IMenuManager;)V",
      "Lorg/eclipse/ui/internal/DefaultStackPresentationSite.close(Lorg/eclipse/ui/presentations/IPresentablePart;)V",
      "Lorg/eclipse/ui/internal/DefaultStackPresentationSite.dragStart(Lorg/eclipse/swt/graphics/Point;Z)V",
      "Lorg/eclipse/ui/internal/DefaultStackPresentationSite.dragStart(Lorg/eclipse/ui/presentations/IPresentablePart;Lorg/eclipse/swt/graphics/Point;Z)V",
      "Lorg/eclipse/ui/internal/DefaultStackPresentationSite.getSelectedPart()Lorg/eclipse/ui/presentations/IPresentablePart;",
      "Lorg/eclipse/ui/internal/DefaultStackPresentationSite.isPartMoveable(Lorg/eclipse/ui/presentations/IPresentablePart;)Z",
      "Lorg/eclipse/ui/internal/DefaultStackPresentationSite.isStackMoveable()Z",
      "Lorg/eclipse/ui/internal/DefaultStackPresentationSite.setState(I)V",
      "Lorg/eclipse/ui/internal/DefaultStackPresentationSite.supportsState(I)Z"
    ]
  },
  {
    "frequency": 1,
    "overriddenMethods": [
      "Lorg/eclipse/ui/internal/DefaultStackPresentationSite.getSelectedPart()Lorg/eclipse/ui/presentations/IPresentablePart;",
      "Lorg/eclipse/ui/internal/DefaultStackPresentationSite.isPartMoveable(Lorg/eclipse/ui/presentations/IPresentablePart;)Z",
      "Lorg/eclipse/ui/internal/DefaultStackPresentationSite.isStackMoveable()Z"
    ]
  },
  {
    "frequency": 1,
    "overriddenMethods": [
      "Lorg/eclipse/ui/internal/DefaultStackPresentationSite.addSystemActions(Lorg/eclipse/jface/action/IMenuManager;)V",
      "Lorg/eclipse/ui/internal/DefaultStackPresentationSite.close(Lorg/eclipse/ui/presentations/IPresentablePart;)V",
      "Lorg/eclipse/ui/internal/DefaultStackPresentationSite.dragStart(Lorg/eclipse/swt/graphics/Point;Z)V",
      "Lorg/eclipse/ui/internal/DefaultStackPresentationSite.dragStart(Lorg/eclipse/ui/presentations/IPresentablePart;Lorg/eclipse/swt/graphics/Point;Z)V",
      "Lorg/eclipse/ui/internal/DefaultStackPresentationSite.getSelectedPart()Lorg/eclipse/ui/presentations/IPresentablePart;",
      "Lorg/eclipse/ui/internal/DefaultStackPresentationSite.isPartMoveable(Lorg/eclipse/ui/presentations/IPresentablePart;)Z",
      "Lorg/eclipse/ui/internal/DefaultStackPresentationSite.isStackMoveable()Z",
      "Lorg/eclipse/ui/internal/DefaultStackPresentationSite.selectPart(Lorg/eclipse/ui/presentations/IPresentablePart;)V",
      "Lorg/eclipse/ui/internal/DefaultStackPresentationSite.setState(I)V",
      "Lorg/eclipse/ui/internal/DefaultStackPresentationSite.supportsState(I)Z"
    ]
  }
]