[
  {
    "frequency": 2,
    "overriddenMethods": [
      "Lorg/eclipse/ui/internal/PluginActionBuilder.createActionDescriptor(Lorg/eclipse/core/runtime/IConfigurationElement;)Lorg/eclipse/ui/internal/ActionDescriptor;",
      "Lorg/eclipse/ui/internal/PluginActionBuilder.createContribution()Lorg/eclipse/ui/internal/PluginActionBuilder$BasicContribution;"
    ]
  },
  {
    "frequency": 1,
    "overriddenMethods": [
      "Lorg/eclipse/ui/internal/PluginActionBuilder.createActionDescriptor(Lorg/eclipse/core/runtime/IConfigurationElement;)Lorg/eclipse/ui/internal/ActionDescriptor;"
    ]
  },
  {
    "frequency": 1,
    "overriddenMethods": [
      "Lorg/eclipse/ui/internal/PluginActionBuilder.createActionDescriptor(Lorg/eclipse/core/runtime/IConfigurationElement;)Lorg/eclipse/ui/internal/ActionDescriptor;",
      "Lorg/eclipse/ui/internal/PluginActionBuilder.createContribution()Lorg/eclipse/ui/internal/PluginActionBuilder$BasicContribution;",
      "Lorg/eclipse/ui/internal/PluginActionBuilder.readElement(Lorg/eclipse/core/runtime/IConfigurationElement;)Z"
    ]
  },
  {
    "frequency": 1,
    "overriddenMethods": [
      "Ljava/lang/Object.toString()Ljava/lang/String;",
      "Lorg/eclipse/ui/internal/PluginActionBuilder.createActionDescriptor(Lorg/eclipse/core/runtime/IConfigurationElement;)Lorg/eclipse/ui/internal/ActionDescriptor;",
      "Lorg/eclipse/ui/internal/PluginActionBuilder.createContribution()Lorg/eclipse/ui/internal/PluginActionBuilder$BasicContribution;",
      "Lorg/eclipse/ui/internal/PluginActionBuilder.readElement(Lorg/eclipse/core/runtime/IConfigurationElement;)Z"
    ]
  }
]