[
  {
    "frequency": 1,
    "overriddenMethods": []
  },
  {
    "frequency": 1,
    "overriddenMethods": [
      "Lorg/eclipse/jface/action/Action.setChecked(Z)V",
      "Lorg/eclipse/jface/action/Action.setHelpListener(Lorg/eclipse/swt/events/HelpListener;)V",
      "Lorg/eclipse/ui/internal/PluginAction.dispose()V",
      "Lorg/eclipse/ui/internal/PluginAction.initDelegate()V",
      "Lorg/eclipse/ui/internal/PluginAction.isOkToCreateDelegate()Z",
      "Lorg/eclipse/ui/internal/PluginAction.runWithEvent(Lorg/eclipse/swt/widgets/Event;)V",
      "Lorg/eclipse/ui/internal/PluginAction.validateDelegate(Ljava/lang/Object;)Lorg/eclipse/ui/IActionDelegate;"
    ]
  },
  {
    "frequency": 1,
    "overriddenMethods": [
      "Lorg/eclipse/ui/internal/PluginAction.dispose()V",
      "Lorg/eclipse/ui/internal/PluginAction.getOverrideActionId()Ljava/lang/String;",
      "Lorg/eclipse/ui/internal/PluginAction.initDelegate()V"
    ]
  }
]