[
  {
    "frequency": 2,
    "overriddenMethods": [
      "Lorg/eclipse/ui/progress/UIJob.runInUIThread(Lorg/eclipse/core/runtime/IProgressMonitor;)Lorg/eclipse/core/runtime/IStatus;",
      "Lorg/eclipse/ui/progress/WorkbenchJob.shouldSchedule()Z"
    ]
  },
  {
    "frequency": 1,
    "overriddenMethods": [
      "Lorg/eclipse/ui/progress/UIJob.runInUIThread(Lorg/eclipse/core/runtime/IProgressMonitor;)Lorg/eclipse/core/runtime/IStatus;",
      "Lorg/eclipse/ui/progress/WorkbenchJob.shouldRun()Z",
      "Lorg/eclipse/ui/progress/WorkbenchJob.shouldSchedule()Z"
    ]
  },
  {
    "frequency": 3,
    "overriddenMethods": [
      "Lorg/eclipse/core/runtime/jobs/Job.belongsTo(Ljava/lang/Object;)Z",
      "Lorg/eclipse/ui/progress/UIJob.runInUIThread(Lorg/eclipse/core/runtime/IProgressMonitor;)Lorg/eclipse/core/runtime/IStatus;"
    ]
  },
  {
    "frequency": 129,
    "overriddenMethods": [
      "Lorg/eclipse/ui/progress/UIJob.runInUIThread(Lorg/eclipse/core/runtime/IProgressMonitor;)Lorg/eclipse/core/runtime/IStatus;"
    ]
  },
  {
    "frequency": 6,
    "overriddenMethods": [
      "Lorg/eclipse/core/runtime/jobs/Job.belongsTo(Ljava/lang/Object;)Z",
      "Lorg/eclipse/ui/progress/UIJob.runInUIThread(Lorg/eclipse/core/runtime/IProgressMonitor;)Lorg/eclipse/core/runtime/IStatus;",
      "Lorg/eclipse/ui/progress/WorkbenchJob.shouldRun()Z"
    ]
  },
  {
    "frequency": 3,
    "overriddenMethods": [
      "Lorg/eclipse/ui/progress/UIJob.runInUIThread(Lorg/eclipse/core/runtime/IProgressMonitor;)Lorg/eclipse/core/runtime/IStatus;",
      "Lorg/eclipse/ui/progress/WorkbenchJob.shouldRun()Z"
    ]
  },
  {
    "frequency": 1,
    "overriddenMethods": [
      "Lorg/eclipse/core/runtime/jobs/Job.canceling()V",
      "Lorg/eclipse/ui/progress/UIJob.runInUIThread(Lorg/eclipse/core/runtime/IProgressMonitor;)Lorg/eclipse/core/runtime/IStatus;"
    ]
  }
]