[
  {
    "frequency": 1,
    "overriddenMethods": [
      "Lorg/eclipse/ui/PerspectiveAdapter.perspectiveActivated(Lorg/eclipse/ui/IWorkbenchPage;Lorg/eclipse/ui/IPerspectiveDescriptor;)V",
      "Lorg/eclipse/ui/PerspectiveAdapter.perspectiveDeactivated(Lorg/eclipse/ui/IWorkbenchPage;Lorg/eclipse/ui/IPerspectiveDescriptor;)V",
      "Lorg/eclipse/ui/PerspectiveAdapter.perspectiveSavedAs(Lorg/eclipse/ui/IWorkbenchPage;Lorg/eclipse/ui/IPerspectiveDescriptor;Lorg/eclipse/ui/IPerspectiveDescriptor;)V"
    ]
  },
  {
    "frequency": 2,
    "overriddenMethods": [
      "Lorg/eclipse/ui/PerspectiveAdapter.perspectiveOpened(Lorg/eclipse/ui/IWorkbenchPage;Lorg/eclipse/ui/IPerspectiveDescriptor;)V"
    ]
  },
  {
    "frequency": 1,
    "overriddenMethods": [
      "Lorg/eclipse/ui/PerspectiveAdapter.perspectiveActivated(Lorg/eclipse/ui/IWorkbenchPage;Lorg/eclipse/ui/IPerspectiveDescriptor;)V",
      "Lorg/eclipse/ui/PerspectiveAdapter.perspectiveChanged(Lorg/eclipse/ui/IWorkbenchPage;Lorg/eclipse/ui/IPerspectiveDescriptor;Ljava/lang/String;)V",
      "Lorg/eclipse/ui/PerspectiveAdapter.perspectiveChanged(Lorg/eclipse/ui/IWorkbenchPage;Lorg/eclipse/ui/IPerspectiveDescriptor;Lorg/eclipse/ui/IWorkbenchPartReference;Ljava/lang/String;)V",
      "Lorg/eclipse/ui/PerspectiveAdapter.perspectiveClosed(Lorg/eclipse/ui/IWorkbenchPage;Lorg/eclipse/ui/IPerspectiveDescriptor;)V",
      "Lorg/eclipse/ui/PerspectiveAdapter.perspectiveOpened(Lorg/eclipse/ui/IWorkbenchPage;Lorg/eclipse/ui/IPerspectiveDescriptor;)V",
      "Lorg/eclipse/ui/PerspectiveAdapter.perspectiveSavedAs(Lorg/eclipse/ui/IWorkbenchPage;Lorg/eclipse/ui/IPerspectiveDescriptor;Lorg/eclipse/ui/IPerspectiveDescriptor;)V"
    ]
  },
  {
    "frequency": 1,
    "overriddenMethods": [
      "Lorg/eclipse/ui/PerspectiveAdapter.perspectiveActivated(Lorg/eclipse/ui/IWorkbenchPage;Lorg/eclipse/ui/IPerspectiveDescriptor;)V",
      "Lorg/eclipse/ui/PerspectiveAdapter.perspectivePreDeactivate(Lorg/eclipse/ui/IWorkbenchPage;Lorg/eclipse/ui/IPerspectiveDescriptor;)V"
    ]
  },
  {
    "frequency": 2,
    "overriddenMethods": [
      "Lorg/eclipse/ui/PerspectiveAdapter.perspectiveActivated(Lorg/eclipse/ui/IWorkbenchPage;Lorg/eclipse/ui/IPerspectiveDescriptor;)V",
      "Lorg/eclipse/ui/PerspectiveAdapter.perspectiveChanged(Lorg/eclipse/ui/IWorkbenchPage;Lorg/eclipse/ui/IPerspectiveDescriptor;Ljava/lang/String;)V",
      "Lorg/eclipse/ui/PerspectiveAdapter.perspectiveClosed(Lorg/eclipse/ui/IWorkbenchPage;Lorg/eclipse/ui/IPerspectiveDescriptor;)V",
      "Lorg/eclipse/ui/PerspectiveAdapter.perspectiveDeactivated(Lorg/eclipse/ui/IWorkbenchPage;Lorg/eclipse/ui/IPerspectiveDescriptor;)V"
    ]
  },
  {
    "frequency": 1,
    "overriddenMethods": [
      "Lorg/eclipse/ui/PerspectiveAdapter.perspectiveActivated(Lorg/eclipse/ui/IWorkbenchPage;Lorg/eclipse/ui/IPerspectiveDescriptor;)V",
      "Lorg/eclipse/ui/PerspectiveAdapter.perspectiveClosed(Lorg/eclipse/ui/IWorkbenchPage;Lorg/eclipse/ui/IPerspectiveDescriptor;)V",
      "Lorg/eclipse/ui/PerspectiveAdapter.perspectiveDeactivated(Lorg/eclipse/ui/IWorkbenchPage;Lorg/eclipse/ui/IPerspectiveDescriptor;)V",
      "Lorg/eclipse/ui/PerspectiveAdapter.perspectiveOpened(Lorg/eclipse/ui/IWorkbenchPage;Lorg/eclipse/ui/IPerspectiveDescriptor;)V",
      "Lorg/eclipse/ui/PerspectiveAdapter.perspectiveSavedAs(Lorg/eclipse/ui/IWorkbenchPage;Lorg/eclipse/ui/IPerspectiveDescriptor;Lorg/eclipse/ui/IPerspectiveDescriptor;)V"
    ]
  },
  {
    "frequency": 5,
    "overriddenMethods": [
      "Lorg/eclipse/ui/PerspectiveAdapter.perspectiveActivated(Lorg/eclipse/ui/IWorkbenchPage;Lorg/eclipse/ui/IPerspectiveDescriptor;)V"
    ]
  },
  {
    "frequency": 1,
    "overriddenMethods": [
      "Lorg/eclipse/ui/PerspectiveAdapter.perspectiveActivated(Lorg/eclipse/ui/IWorkbenchPage;Lorg/eclipse/ui/IPerspectiveDescriptor;)V",
      "Lorg/eclipse/ui/PerspectiveAdapter.perspectiveChanged(Lorg/eclipse/ui/IWorkbenchPage;Lorg/eclipse/ui/IPerspectiveDescriptor;Ljava/lang/String;)V"
    ]
  },
  {
    "frequency": 1,
    "overriddenMethods": [
      "Lorg/eclipse/ui/PerspectiveAdapter.perspectiveClosed(Lorg/eclipse/ui/IWorkbenchPage;Lorg/eclipse/ui/IPerspectiveDescriptor;)V",
      "Lorg/eclipse/ui/PerspectiveAdapter.perspectiveOpened(Lorg/eclipse/ui/IWorkbenchPage;Lorg/eclipse/ui/IPerspectiveDescriptor;)V"
    ]
  }
]