[
  {
    "frequency": 3,
    "overriddenMethods": [
      "Lorg/eclipse/ui/Saveable.doSave(Lorg/eclipse/core/runtime/IProgressMonitor;)V",
      "Lorg/eclipse/ui/Saveable.equals(Ljava/lang/Object;)Z",
      "Lorg/eclipse/ui/Saveable.getAdapter(Ljava/lang/Class;)Ljava/lang/Object;",
      "Lorg/eclipse/ui/Saveable.getImageDescriptor()Lorg/eclipse/jface/resource/ImageDescriptor;",
      "Lorg/eclipse/ui/Saveable.getName()Ljava/lang/String;",
      "Lorg/eclipse/ui/Saveable.getToolTipText()Ljava/lang/String;",
      "Lorg/eclipse/ui/Saveable.hashCode()I",
      "Lorg/eclipse/ui/Saveable.isDirty()Z"
    ]
  },
  {
    "frequency": 1,
    "overriddenMethods": [
      "Lorg/eclipse/ui/Saveable.doSave(Lorg/eclipse/core/runtime/IProgressMonitor;)V",
      "Lorg/eclipse/ui/Saveable.doSave(Lorg/eclipse/core/runtime/IProgressMonitor;Lorg/eclipse/jface/window/IShellProvider;)Lorg/eclipse/ui/progress/IJobRunnable;",
      "Lorg/eclipse/ui/Saveable.equals(Ljava/lang/Object;)Z",
      "Lorg/eclipse/ui/Saveable.getImageDescriptor()Lorg/eclipse/jface/resource/ImageDescriptor;",
      "Lorg/eclipse/ui/Saveable.getName()Ljava/lang/String;",
      "Lorg/eclipse/ui/Saveable.getToolTipText()Ljava/lang/String;",
      "Lorg/eclipse/ui/Saveable.hashCode()I",
      "Lorg/eclipse/ui/Saveable.isDirty()Z"
    ]
  },
  {
    "frequency": 3,
    "overriddenMethods": [
      "Lorg/eclipse/ui/Saveable.doSave(Lorg/eclipse/core/runtime/IProgressMonitor;)V",
      "Lorg/eclipse/ui/Saveable.equals(Ljava/lang/Object;)Z",
      "Lorg/eclipse/ui/Saveable.getImageDescriptor()Lorg/eclipse/jface/resource/ImageDescriptor;",
      "Lorg/eclipse/ui/Saveable.getName()Ljava/lang/String;",
      "Lorg/eclipse/ui/Saveable.getToolTipText()Ljava/lang/String;",
      "Lorg/eclipse/ui/Saveable.hashCode()I",
      "Lorg/eclipse/ui/Saveable.isDirty()Z",
      "Lorg/eclipse/ui/Saveable.show(Lorg/eclipse/ui/IWorkbenchPage;)Z"
    ]
  },
  {
    "frequency": 1,
    "overriddenMethods": [
      "Ljava/lang/Object.toString()Ljava/lang/String;",
      "Lorg/eclipse/ui/Saveable.doSave(Lorg/eclipse/core/runtime/IProgressMonitor;)V",
      "Lorg/eclipse/ui/Saveable.equals(Ljava/lang/Object;)Z",
      "Lorg/eclipse/ui/Saveable.getImageDescriptor()Lorg/eclipse/jface/resource/ImageDescriptor;",
      "Lorg/eclipse/ui/Saveable.getName()Ljava/lang/String;",
      "Lorg/eclipse/ui/Saveable.getToolTipText()Ljava/lang/String;",
      "Lorg/eclipse/ui/Saveable.hashCode()I",
      "Lorg/eclipse/ui/Saveable.isDirty()Z"
    ]
  },
  {
    "frequency": 2,
    "overriddenMethods": [
      "Lorg/eclipse/ui/Saveable.doSave(Lorg/eclipse/core/runtime/IProgressMonitor;)V",
      "Lorg/eclipse/ui/Saveable.equals(Ljava/lang/Object;)Z",
      "Lorg/eclipse/ui/Saveable.getImageDescriptor()Lorg/eclipse/jface/resource/ImageDescriptor;",
      "Lorg/eclipse/ui/Saveable.getName()Ljava/lang/String;",
      "Lorg/eclipse/ui/Saveable.getToolTipText()Ljava/lang/String;",
      "Lorg/eclipse/ui/Saveable.hashCode()I",
      "Lorg/eclipse/ui/Saveable.isDirty()Z"
    ]
  }
]