[
  {
    "frequency": 1,
    "overriddenMethods": [
      "Lorg/eclipse/ui/SubActionBars.getMenuManager()Lorg/eclipse/jface/action/IMenuManager;",
      "Lorg/eclipse/ui/SubActionBars.getToolBarManager()Lorg/eclipse/jface/action/IToolBarManager;",
      "Lorg/eclipse/ui/SubActionBars.updateActionBars()V"
    ]
  },
  {
    "frequency": 1,
    "overriddenMethods": [
      "Lorg/eclipse/ui/SubActionBars.dispose()V",
      "Lorg/eclipse/ui/SubActionBars.getMenuManager()Lorg/eclipse/jface/action/IMenuManager;",
      "Lorg/eclipse/ui/SubActionBars.getToolBarManager()Lorg/eclipse/jface/action/IToolBarManager;",
      "Lorg/eclipse/ui/SubActionBars.updateActionBars()V"
    ]
  },
  {
    "frequency": 1,
    "overriddenMethods": [
      "Lorg/eclipse/ui/SubActionBars.clearGlobalActionHandlers()V",
      "Lorg/eclipse/ui/SubActionBars.setGlobalActionHandler(Ljava/lang/String;Lorg/eclipse/jface/action/IAction;)V",
      "Lorg/eclipse/ui/SubActionBars.updateActionBars()V"
    ]
  },
  {
    "frequency": 1,
    "overriddenMethods": [
      "Lorg/eclipse/ui/SubActionBars.dispose()V",
      "Lorg/eclipse/ui/SubActionBars.setActive(Z)V"
    ]
  }
]