[
  {
    "frequency": 5,
    "overriddenMethods": []
  },
  {
    "frequency": 18,
    "overriddenMethods": [
      "Lorg/eclipse/ui/actions/ActionGroup.dispose()V",
      "Lorg/eclipse/ui/actions/ActionGroup.fillContextMenu(Lorg/eclipse/jface/action/IMenuManager;)V"
    ]
  },
  {
    "frequency": 78,
    "overriddenMethods": [
      "Lorg/eclipse/ui/actions/ActionGroup.dispose()V",
      "Lorg/eclipse/ui/actions/ActionGroup.fillActionBars(Lorg/eclipse/ui/IActionBars;)V",
      "Lorg/eclipse/ui/actions/ActionGroup.fillContextMenu(Lorg/eclipse/jface/action/IMenuManager;)V"
    ]
  },
  {
    "frequency": 7,
    "overriddenMethods": [
      "Lorg/eclipse/ui/actions/ActionGroup.dispose()V",
      "Lorg/eclipse/ui/actions/ActionGroup.fillContextMenu(Lorg/eclipse/jface/action/IMenuManager;)V",
      "Lorg/eclipse/ui/actions/ActionGroup.updateActionBars()V"
    ]
  },
  {
    "frequency": 1,
    "overriddenMethods": [
      "Lorg/eclipse/ui/actions/ActionGroup.dispose()V",
      "Lorg/eclipse/ui/actions/ActionGroup.fillContextMenu(Lorg/eclipse/jface/action/IMenuManager;)V",
      "Lorg/eclipse/ui/actions/ActionGroup.setContext(Lorg/eclipse/ui/actions/ActionContext;)V"
    ]
  },
  {
    "frequency": 6,
    "overriddenMethods": [
      "Lorg/eclipse/ui/actions/ActionGroup.fillActionBars(Lorg/eclipse/ui/IActionBars;)V",
      "Lorg/eclipse/ui/actions/ActionGroup.fillContextMenu(Lorg/eclipse/jface/action/IMenuManager;)V",
      "Lorg/eclipse/ui/actions/ActionGroup.updateActionBars()V"
    ]
  },
  {
    "frequency": 2,
    "overriddenMethods": [
      "Lorg/eclipse/ui/actions/ActionGroup.dispose()V",
      "Lorg/eclipse/ui/actions/ActionGroup.fillActionBars(Lorg/eclipse/ui/IActionBars;)V",
      "Lorg/eclipse/ui/actions/ActionGroup.updateActionBars()V"
    ]
  },
  {
    "frequency": 3,
    "overriddenMethods": [
      "Lorg/eclipse/ui/actions/ActionGroup.dispose()V"
    ]
  },
  {
    "frequency": 11,
    "overriddenMethods": [
      "Lorg/eclipse/ui/actions/ActionGroup.dispose()V",
      "Lorg/eclipse/ui/actions/ActionGroup.updateActionBars()V"
    ]
  },
  {
    "frequency": 3,
    "overriddenMethods": [
      "Lorg/eclipse/ui/actions/ActionGroup.dispose()V",
      "Lorg/eclipse/ui/actions/ActionGroup.fillActionBars(Lorg/eclipse/ui/IActionBars;)V",
      "Lorg/eclipse/ui/actions/ActionGroup.fillContextMenu(Lorg/eclipse/jface/action/IMenuManager;)V",
      "Lorg/eclipse/ui/actions/ActionGroup.updateActionBars()V"
    ]
  },
  {
    "frequency": 16,
    "overriddenMethods": [
      "Lorg/eclipse/ui/actions/ActionGroup.dispose()V",
      "Lorg/eclipse/ui/actions/ActionGroup.fillActionBars(Lorg/eclipse/ui/IActionBars;)V",
      "Lorg/eclipse/ui/actions/ActionGroup.fillContextMenu(Lorg/eclipse/jface/action/IMenuManager;)V",
      "Lorg/eclipse/ui/actions/ActionGroup.setContext(Lorg/eclipse/ui/actions/ActionContext;)V",
      "Lorg/eclipse/ui/actions/ActionGroup.updateActionBars()V"
    ]
  },
  {
    "frequency": 25,
    "overriddenMethods": [
      "Lorg/eclipse/ui/actions/ActionGroup.fillContextMenu(Lorg/eclipse/jface/action/IMenuManager;)V"
    ]
  },
  {
    "frequency": 19,
    "overriddenMethods": [
      "Lorg/eclipse/ui/actions/ActionGroup.fillActionBars(Lorg/eclipse/ui/IActionBars;)V"
    ]
  },
  {
    "frequency": 10,
    "overriddenMethods": [
      "Lorg/eclipse/ui/actions/ActionGroup.dispose()V",
      "Lorg/eclipse/ui/actions/ActionGroup.fillActionBars(Lorg/eclipse/ui/IActionBars;)V",
      "Lorg/eclipse/ui/actions/ActionGroup.fillContextMenu(Lorg/eclipse/jface/action/IMenuManager;)V",
      "Lorg/eclipse/ui/actions/ActionGroup.setContext(Lorg/eclipse/ui/actions/ActionContext;)V"
    ]
  },
  {
    "frequency": 16,
    "overriddenMethods": [
      "Lorg/eclipse/ui/actions/ActionGroup.fillActionBars(Lorg/eclipse/ui/IActionBars;)V",
      "Lorg/eclipse/ui/actions/ActionGroup.fillContextMenu(Lorg/eclipse/jface/action/IMenuManager;)V"
    ]
  },
  {
    "frequency": 1,
    "overriddenMethods": [
      "Lorg/eclipse/ui/actions/ActionGroup.fillActionBars(Lorg/eclipse/ui/IActionBars;)V",
      "Lorg/eclipse/ui/actions/ActionGroup.fillContextMenu(Lorg/eclipse/jface/action/IMenuManager;)V",
      "Lorg/eclipse/ui/actions/ActionGroup.setContext(Lorg/eclipse/ui/actions/ActionContext;)V",
      "Lorg/eclipse/ui/actions/ActionGroup.updateActionBars()V"
    ]
  },
  {
    "frequency": 1,
    "overriddenMethods": [
      "Lorg/eclipse/ui/actions/ActionGroup.fillContextMenu(Lorg/eclipse/jface/action/IMenuManager;)V",
      "Lorg/eclipse/ui/actions/ActionGroup.updateActionBars()V"
    ]
  },
  {
    "frequency": 21,
    "overriddenMethods": [
      "Lorg/eclipse/ui/actions/ActionGroup.dispose()V",
      "Lorg/eclipse/ui/actions/ActionGroup.fillActionBars(Lorg/eclipse/ui/IActionBars;)V"
    ]
  }
]