[
  {
    "frequency": 1,
    "overriddenMethods": []
  },
  {
    "frequency": 1,
    "overriddenMethods": [
      "Lorg/eclipse/ui/actions/ActionDelegate.dispose()V",
      "Lorg/eclipse/ui/actions/ActionDelegate.run(Lorg/eclipse/jface/action/IAction;)V",
      "Lorg/eclipse/ui/actions/ActionDelegate.runWithEvent(Lorg/eclipse/jface/action/IAction;Lorg/eclipse/swt/widgets/Event;)V",
      "Lorg/eclipse/ui/actions/ActionDelegate.selectionChanged(Lorg/eclipse/jface/action/IAction;Lorg/eclipse/jface/viewers/ISelection;)V"
    ]
  },
  {
    "frequency": 1,
    "overriddenMethods": [
      "Lorg/eclipse/ui/actions/ActionDelegate.init(Lorg/eclipse/jface/action/IAction;)V",
      "Lorg/eclipse/ui/actions/ActionDelegate.run(Lorg/eclipse/jface/action/IAction;)V",
      "Lorg/eclipse/ui/actions/ActionDelegate.selectionChanged(Lorg/eclipse/jface/action/IAction;Lorg/eclipse/jface/viewers/ISelection;)V"
    ]
  },
  {
    "frequency": 1,
    "overriddenMethods": [
      "Lorg/eclipse/ui/actions/ActionDelegate.runWithEvent(Lorg/eclipse/jface/action/IAction;Lorg/eclipse/swt/widgets/Event;)V",
      "Lorg/eclipse/ui/actions/ActionDelegate.selectionChanged(Lorg/eclipse/jface/action/IAction;Lorg/eclipse/jface/viewers/ISelection;)V"
    ]
  },
  {
    "frequency": 2,
    "overriddenMethods": [
      "Lorg/eclipse/ui/actions/ActionDelegate.runWithEvent(Lorg/eclipse/jface/action/IAction;Lorg/eclipse/swt/widgets/Event;)V"
    ]
  },
  {
    "frequency": 5,
    "overriddenMethods": [
      "Lorg/eclipse/ui/actions/ActionDelegate.dispose()V",
      "Lorg/eclipse/ui/actions/ActionDelegate.init(Lorg/eclipse/jface/action/IAction;)V",
      "Lorg/eclipse/ui/actions/ActionDelegate.run(Lorg/eclipse/jface/action/IAction;)V",
      "Lorg/eclipse/ui/actions/ActionDelegate.selectionChanged(Lorg/eclipse/jface/action/IAction;Lorg/eclipse/jface/viewers/ISelection;)V"
    ]
  },
  {
    "frequency": 30,
    "overriddenMethods": [
      "Lorg/eclipse/ui/actions/ActionDelegate.run(Lorg/eclipse/jface/action/IAction;)V"
    ]
  },
  {
    "frequency": 169,
    "overriddenMethods": [
      "Lorg/eclipse/ui/actions/ActionDelegate.run(Lorg/eclipse/jface/action/IAction;)V",
      "Lorg/eclipse/ui/actions/ActionDelegate.selectionChanged(Lorg/eclipse/jface/action/IAction;Lorg/eclipse/jface/viewers/ISelection;)V"
    ]
  },
  {
    "frequency": 1,
    "overriddenMethods": [
      "Lorg/eclipse/ui/actions/ActionDelegate.dispose()V",
      "Lorg/eclipse/ui/actions/ActionDelegate.init(Lorg/eclipse/jface/action/IAction;)V",
      "Lorg/eclipse/ui/actions/ActionDelegate.run(Lorg/eclipse/jface/action/IAction;)V",
      "Lorg/eclipse/ui/actions/ActionDelegate.runWithEvent(Lorg/eclipse/jface/action/IAction;Lorg/eclipse/swt/widgets/Event;)V",
      "Lorg/eclipse/ui/actions/ActionDelegate.selectionChanged(Lorg/eclipse/jface/action/IAction;Lorg/eclipse/jface/viewers/ISelection;)V"
    ]
  },
  {
    "frequency": 3,
    "overriddenMethods": [
      "Lorg/eclipse/ui/actions/ActionDelegate.init(Lorg/eclipse/jface/action/IAction;)V",
      "Lorg/eclipse/ui/actions/ActionDelegate.run(Lorg/eclipse/jface/action/IAction;)V"
    ]
  },
  {
    "frequency": 3,
    "overriddenMethods": [
      "Lorg/eclipse/ui/actions/ActionDelegate.dispose()V",
      "Lorg/eclipse/ui/actions/ActionDelegate.run(Lorg/eclipse/jface/action/IAction;)V",
      "Lorg/eclipse/ui/actions/ActionDelegate.selectionChanged(Lorg/eclipse/jface/action/IAction;Lorg/eclipse/jface/viewers/ISelection;)V"
    ]
  },
  {
    "frequency": 1,
    "overriddenMethods": [
      "Lorg/eclipse/ui/actions/ActionDelegate.dispose()V",
      "Lorg/eclipse/ui/actions/ActionDelegate.init(Lorg/eclipse/jface/action/IAction;)V",
      "Lorg/eclipse/ui/actions/ActionDelegate.run(Lorg/eclipse/jface/action/IAction;)V",
      "Lorg/eclipse/ui/actions/ActionDelegate.runWithEvent(Lorg/eclipse/jface/action/IAction;Lorg/eclipse/swt/widgets/Event;)V"
    ]
  }
]