[
  {
    "frequency": 1,
    "overriddenMethods": [
      "Lorg/eclipse/jface/action/Action.run()V",
      "Lorg/eclipse/ui/actions/BaseSelectionListenerAction.runWithEvent(Lorg/eclipse/swt/widgets/Event;)V"
    ]
  },
  {
    "frequency": 5,
    "overriddenMethods": []
  },
  {
    "frequency": 15,
    "overriddenMethods": [
      "Lorg/eclipse/jface/action/Action.run()V"
    ]
  },
  {
    "frequency": 1,
    "overriddenMethods": [
      "Lorg/eclipse/jface/action/Action.run()V",
      "Lorg/eclipse/ui/actions/BaseSelectionListenerAction.clearCache()V"
    ]
  },
  {
    "frequency": 1,
    "overriddenMethods": [
      "Lorg/eclipse/ui/actions/BaseSelectionListenerAction.updateSelection(Lorg/eclipse/jface/viewers/IStructuredSelection;)Z"
    ]
  },
  {
    "frequency": 1,
    "overriddenMethods": [
      "Lorg/eclipse/jface/action/Action.run()V",
      "Lorg/eclipse/ui/actions/BaseSelectionListenerAction.clearCache()V",
      "Lorg/eclipse/ui/actions/BaseSelectionListenerAction.updateSelection(Lorg/eclipse/jface/viewers/IStructuredSelection;)Z"
    ]
  },
  {
    "frequency": 47,
    "overriddenMethods": [
      "Lorg/eclipse/jface/action/Action.run()V",
      "Lorg/eclipse/ui/actions/BaseSelectionListenerAction.updateSelection(Lorg/eclipse/jface/viewers/IStructuredSelection;)Z"
    ]
  }
]