[
  {
    "frequency": 2,
    "overriddenMethods": [
      "Lorg/eclipse/ui/actions/CompoundContributionItem.dispose()V",
      "Lorg/eclipse/ui/actions/CompoundContributionItem.getContributionItems()[Lorg/eclipse/jface/action/IContributionItem;"
    ]
  },
  {
    "frequency": 56,
    "overriddenMethods": [
      "Lorg/eclipse/ui/actions/CompoundContributionItem.getContributionItems()[Lorg/eclipse/jface/action/IContributionItem;"
    ]
  },
  {
    "frequency": 1,
    "overriddenMethods": [
      "Lorg/eclipse/jface/action/ContributionItem.isVisible()Z",
      "Lorg/eclipse/ui/actions/CompoundContributionItem.fill(Lorg/eclipse/swt/widgets/Menu;I)V",
      "Lorg/eclipse/ui/actions/CompoundContributionItem.getContributionItems()[Lorg/eclipse/jface/action/IContributionItem;"
    ]
  },
  {
    "frequency": 1,
    "overriddenMethods": [
      "Lorg/eclipse/ui/actions/CompoundContributionItem.getContributionItems()[Lorg/eclipse/jface/action/IContributionItem;",
      "Lorg/eclipse/ui/actions/CompoundContributionItem.setParent(Lorg/eclipse/jface/action/IContributionManager;)V"
    ]
  },
  {
    "frequency": 3,
    "overriddenMethods": [
      "Lorg/eclipse/jface/action/ContributionItem.isEnabled()Z",
      "Lorg/eclipse/ui/actions/CompoundContributionItem.getContributionItems()[Lorg/eclipse/jface/action/IContributionItem;"
    ]
  }
]