[
  {
    "frequency": 1,
    "overriddenMethods": []
  },
  {
    "frequency": 1,
    "overriddenMethods": [
      "Lorg/eclipse/jface/dialogs/Dialog.getDialogBoundsSettings()Lorg/eclipse/jface/dialogs/IDialogSettings;",
      "Lorg/eclipse/jface/dialogs/Dialog.getDialogBoundsStrategy()I",
      "Lorg/eclipse/jface/window/Window.open()I",
      "Lorg/eclipse/ui/internal/dialogs/FilteredPreferenceDialog.close()Z",
      "Lorg/eclipse/ui/internal/dialogs/FilteredPreferenceDialog.findNodeMatching(Ljava/lang/String;)Lorg/eclipse/jface/preference/IPreferenceNode;",
      "Lorg/eclipse/ui/internal/dialogs/FilteredPreferenceDialog.okPressed()V"
    ]
  },
  {
    "frequency": 1,
    "overriddenMethods": [
      "Lorg/eclipse/jface/preference/PreferenceDialog.getSelectedNodePreference()Ljava/lang/String;",
      "Lorg/eclipse/jface/preference/PreferenceDialog.setSelectedNodePreference(Ljava/lang/String;)V",
      "Lorg/eclipse/ui/internal/dialogs/FilteredPreferenceDialog.getContributionType()Ljava/lang/String;"
    ]
  }
]